Name,PA,AVG,eAVG,HR,eHR,R,eR,RBI,eRBI,SB,eSB,Rank,
Mookie Betts , 684 , 0.301 , 0.045499999076128006 , 28 , 5 , 112 , 30 , 93 , 9 , 22 , 23 , 1 ,
Jose Ramirez , 665 , 0.285 , 0.04050000011920929 , 29 , 5 , 100 , 13 , 90 , 9 , 19 , 19 , 2 ,
Mike Trout , 641 , 0.297 , 0.04399999976158142 , 36 , 11 , 105 , 16 , 88 , 9 , 19 , 19 , 3 ,
Francisco Lindor , 685 , 0.279 , 0.039000000804662704 , 27 , 12 , 99 , 19 , 83 , 9 , 15 , 12 , 4 ,
Paul Goldschmidt , 667 , 0.286 , 0.04100000113248825 , 29 , 9 , 98 , 11 , 92 , 16 , 11 , 5 , 5 ,
Christian Yelich , 655 , 0.298 , 0.04450000077486038 , 24 , 6 , 97 , 22 , 89 , 13 , 14 , 12 , 6 ,
Charlie Blackmon , 660 , 0.296 , 0.04349999874830246 , 25 , 10 , 105 , 35 , 77 , 8 , 13 , 5 , 7 ,
Freddie Freeman , 668 , 0.297 , 0.04399999976158142 , 27 , 5 , 95 , 9 , 92 , 9 , 8 , 2 , 8 ,
Bryce Harper , 637 , 0.279 , 0.039000000804662704 , 32 , 5 , 101 , 11 , 96 , 9 , 9 , 3 , 8 ,
Anthony Rizzo , 661 , 0.278 , 0.03849999979138374 , 29 , 5 , 88 , 9 , 99 , 9 , 8 , 2 , 10 ,
Manny Machado , 647 , 0.279 , 0.039000000804662704 , 29 , 10 , 79 , 8 , 90 , 9 , 9 , 5 , 11 ,
J.D. Martinez , 630 , 0.3 , 0.04500000178813934 , 42 , 12 , 98 , 21 , 117 , 19 , 4 , 2 , 12 ,
Eddie Rosario , 634 , 0.287 , 0.04100000113248825 , 24 , 5 , 86 , 9 , 81 , 9 , 8 , 2 , 13 ,
Xander Bogaerts , 638 , 0.285 , 0.04050000011920929 , 20 , 4 , 86 , 9 , 89 , 9 , 11 , 3 , 14 ,
Justin Upton , 626 , 0.254 , 0.032499998807907104 , 31 , 5 , 84 , 10 , 92 , 9 , 8 , 8 , 15 ,
Alex Bregman , 666 , 0.28 , 0.039000000804662704 , 23 , 4 , 88 , 9 , 81 , 9 , 10 , 3 , 16 ,
Trevor Story , 633 , 0.27 , 0.0364999994635582 , 27 , 9 , 75 , 8 , 89 , 13 , 12 , 13 , 17 ,
Javier Baez , 600 , 0.284 , 0.04050000011920929 , 24 , 9 , 79 , 13 , 84 , 14 , 11 , 11 , 18 ,
Jose Altuve , 656 , 0.316 , 0.05000000074505806 , 15 , 7 , 93 , 16 , 69 , 9 , 23 , 7 , 19 ,
Nolan Arenado , 664 , 0.289 , 0.041999999433755875 , 37 , 6 , 97 , 10 , 116 , 10 , 3 , 1 , 20 ,
Aaron Hicks , 612 , 0.258 , 0.03350000083446503 , 25 , 5 , 88 , 9 , 80 , 8 , 11 , 6 , 21 ,
George Springer , 640 , 0.27 , 0.0364999994635582 , 25 , 5 , 99 , 23 , 76 , 8 , 7 , 2 , 22 ,
Anthony Rendon , 630 , 0.293 , 0.0430000014603138 , 23 , 4 , 87 , 9 , 90 , 12 , 5 , 2 , 23 ,
Kris Bryant , 653 , 0.278 , 0.03849999979138374 , 24 , 4 , 93 , 9 , 78 , 8 , 6 , 2 , 24 ,
Eugenio Suarez , 646 , 0.271 , 0.03700000047683716 , 31 , 5 , 86 , 9 , 96 , 9 , 4 , 2 , 25 ,
Giancarlo Stanton , 625 , 0.268 , 0.035999998450279236 , 39 , 8 , 92 , 12 , 104 , 10 , 3 , 1 , 26 ,
Aaron Judge , 643 , 0.279 , 0.039000000804662704 , 31 , 10 , 88 , 12 , 80 , 8 , 7 , 2 , 27 ,
Travis Shaw , 612 , 0.25 , 0.03150000050663948 , 30 , 5 , 78 , 8 , 91 , 9 , 5 , 2 , 28 ,
Carlos Correa , 618 , 0.263 , 0.03449999913573265 , 26 , 5 , 84 , 9 , 93 , 9 , 5 , 2 , 29 ,
Matt Carpenter , 642 , 0.262 , 0.03449999913573265 , 29 , 5 , 98 , 9 , 80 , 8 , 5 , 2 , 29 ,
Khris Davis , 655 , 0.253 , 0.03200000151991844 , 42 , 10 , 92 , 9 , 114 , 10 , 3 , 1 , 31 ,
Yasiel Puig , 583 , 0.256 , 0.032999999821186066 , 26 , 5 , 72 , 9 , 77 , 8 , 11 , 14 , 32 ,
Eric Hosmer , 661 , 0.277 , 0.03849999979138374 , 19 , 5 , 80 , 8 , 77 , 11 , 7 , 2 , 33 ,
Scooter Gennett , 595 , 0.291 , 0.042500000447034836 , 24 , 4 , 81 , 9 , 89 , 9 , 4 , 2 , 33 ,
Rhys Hoskins , 657 , 0.26 , 0.03350000083446503 , 32 , 11 , 84 , 9 , 92 , 24 , 5 , 2 , 35 ,
Starling Marte , 629 , 0.28 , 0.039000000804662704 , 15 , 7 , 84 , 9 , 63 , 13 , 33 , 14 , 36 ,
Cody Bellinger , 640 , 0.264 , 0.03500000014901161 , 26 , 8 , 75 , 8 , 76 , 8 , 9 , 6 , 37 ,
Tommy Pham , 549 , 0.276 , 0.03799999877810478 , 20 , 4 , 88 , 26 , 65 , 8 , 13 , 12 , 38 ,
David Peralta , 595 , 0.291 , 0.042500000447034836 , 20 , 6 , 76 , 8 , 72 , 8 , 7 , 2 , 39 ,
Rougned Odor , 598 , 0.243 , 0.029500000178813934 , 22 , 4 , 76 , 10 , 71 , 8 , 10 , 8 , 40 ,
Marcell Ozuna , 627 , 0.287 , 0.04100000113248825 , 24 , 5 , 76 , 8 , 91 , 9 , 3 , 1 , 41 ,
Wil Myers , 582 , 0.247 , 0.030500000342726707 , 22 , 4 , 70 , 8 , 70 , 8 , 14 , 18 , 42 ,
Michael Conforto , 626 , 0.252 , 0.03200000151991844 , 30 , 5 , 85 , 9 , 85 , 9 , 3 , 1 , 43 ,
Nicholas Castellanos , 647 , 0.281 , 0.039500001817941666 , 23 , 4 , 77 , 8 , 88 , 9 , 3 , 1 , 44 ,
Andrew Benintendi , 659 , 0.281 , 0.039500001817941666 , 16 , 4 , 78 , 9 , 73 , 8 , 13 , 13 , 44 ,
Jose Abreu , 625 , 0.278 , 0.03849999979138374 , 25 , 5 , 78 , 8 , 88 , 9 , 3 , 1 , 46 ,
Marcus Semien , 637 , 0.255 , 0.032499998807907104 , 16 , 4 , 80 , 8 , 65 , 8 , 12 , 8 , 47 ,
Trea Turner , 660 , 0.273 , 0.03750000149011612 , 14 , 7 , 89 , 10 , 55 , 20 , 44 , 13 , 48 ,
Andrew McCutchen , 605 , 0.258 , 0.032999999821186066 , 19 , 4 , 77 , 8 , 66 , 9 , 9 , 5 , 49 ,
Jean Segura , 634 , 0.297 , 0.04399999976158142 , 10 , 3 , 85 , 10 , 58 , 7 , 21 , 5 , 50 ,
Justin Turner , 604 , 0.294 , 0.0430000014603138 , 19 , 5 , 77 , 8 , 70 , 11 , 5 , 2 , 51 ,
Lorenzo Cain , 632 , 0.293 , 0.0430000014603138 , 12 , 3 , 87 , 9 , 50 , 7 , 28 , 5 , 52 ,
Ozzie Albies , 650 , 0.274 , 0.03750000149011612 , 17 , 4 , 78 , 11 , 63 , 7 , 11 , 9 , 53 ,
Brian Dozier , 558 , 0.241 , 0.028999999165534973 , 22 , 4 , 74 , 9 , 68 , 8 , 9 , 7 , 54 ,
Daniel Murphy , 591 , 0.296 , 0.04399999976158142 , 19 , 5 , 73 , 13 , 77 , 12 , 4 , 2 , 55 ,
Jorge Polanco , 631 , 0.28 , 0.039000000804662704 , 14 , 3 , 68 , 8 , 76 , 8 , 10 , 7 , 56 ,
Whit Merrifield , 649 , 0.296 , 0.04349999874830246 , 11 , 3 , 76 , 8 , 58 , 7 , 28 , 18 , 57 ,
Andrelton Simmons , 628 , 0.287 , 0.04100000113248825 , 10 , 3 , 74 , 8 , 66 , 14 , 14 , 3 , 58 ,
Mitch Haniger , 652 , 0.281 , 0.039500001817941666 , 19 , 5 , 74 , 8 , 69 , 8 , 6 , 2 , 59 ,
Odubel Herrera , 604 , 0.264 , 0.03500000014901161 , 18 , 4 , 67 , 8 , 65 , 8 , 8 , 2 , 60 ,
Tim Anderson , 622 , 0.252 , 0.03150000050663948 , 17 , 4 , 67 , 12 , 60 , 7 , 14 , 17 , 61 ,
Eduardo Escobar , 590 , 0.265 , 0.03500000014901161 , 21 , 4 , 69 , 8 , 79 , 8 , 4 , 2 , 61 ,
Josh Donaldson , 561 , 0.256 , 0.032499998807907104 , 25 , 7 , 76 , 8 , 71 , 8 , 4 , 2 , 63 ,
Jackie Bradley Jr. , 569 , 0.249 , 0.03099999949336052 , 16 , 4 , 74 , 8 , 66 , 8 , 10 , 7 , 64 ,
Stephen Piscotty , 619 , 0.254 , 0.03200000151991844 , 21 , 4 , 72 , 8 , 77 , 8 , 3 , 1 , 65 ,
Ender Inciarte , 639 , 0.28 , 0.039500001817941666 , 9 , 3 , 83 , 9 , 53 , 7 , 25 , 5 , 65 ,
Cesar Hernandez , 632 , 0.268 , 0.035999998450279236 , 11 , 3 , 83 , 9 , 50 , 7 , 18 , 4 , 67 ,
A.J. Pollock , 557 , 0.261 , 0.03400000184774399 , 18 , 5 , 70 , 13 , 61 , 11 , 17 , 4 , 68 ,
Randal Grichuk , 554 , 0.246 , 0.030500000342726707 , 26 , 8 , 67 , 11 , 73 , 8 , 4 , 2 , 69 ,
J.T. Realmuto , 553 , 0.278 , 0.03849999979138374 , 17 , 4 , 68 , 8 , 67 , 8 , 6 , 2 , 70 ,
Michael Brantley , 550 , 0.3 , 0.04500000178813934 , 14 , 3 , 67 , 8 , 67 , 8 , 9 , 7 , 70 ,
Joey Gallo , 628 , 0.213 , 0.02250000089406967 , 33 , 17 , 74 , 18 , 78 , 17 , 4 , 2 , 72 ,
Joey Votto , 653 , 0.276 , 0.03799999877810478 , 19 , 4 , 71 , 8 , 67 , 8 , 4 , 2 , 73 ,
Elvis Andrus , 606 , 0.273 , 0.03700000047683716 , 10 , 3 , 75 , 11 , 56 , 11 , 14 , 3 , 74 ,
Kyle Seager , 621 , 0.243 , 0.029500000178813934 , 23 , 4 , 67 , 8 , 80 , 8 , 3 , 1 , 75 ,
Matt Olson , 648 , 0.248 , 0.03099999949336052 , 35 , 13 , 74 , 8 , 85 , 9 , 1 , 1 , 76 ,
Justin Smoak , 612 , 0.246 , 0.030500000342726707 , 30 , 5 , 75 , 8 , 85 , 9 , 1 , 1 , 77 ,
Brandon Belt , 597 , 0.251 , 0.03150000050663948 , 19 , 4 , 73 , 8 , 63 , 7 , 5 , 2 , 78 ,
Domingo Santana , 572 , 0.264 , 0.03500000014901161 , 18 , 4 , 66 , 8 , 62 , 7 , 7 , 2 , 79 ,
Carlos Santana , 601 , 0.241 , 0.028999999165534973 , 19 , 4 , 74 , 8 , 69 , 16 , 4 , 2 , 80 ,
Corey Dickerson , 551 , 0.286 , 0.04100000113248825 , 16 , 8 , 67 , 8 , 58 , 7 , 7 , 2 , 81 ,
DJ LeMahieu , 541 , 0.294 , 0.04349999874830246 , 11 , 3 , 77 , 11 , 57 , 7 , 8 , 2 , 82 ,
Kole Calhoun , 588 , 0.233 , 0.027000000700354576 , 20 , 4 , 72 , 8 , 65 , 8 , 5 , 2 , 83 ,
Evan Longoria , 601 , 0.254 , 0.032499998807907104 , 18 , 4 , 62 , 7 , 69 , 8 , 4 , 2 , 84 ,
Mike Moustakas , 603 , 0.257 , 0.032999999821186066 , 26 , 7 , 62 , 7 , 78 , 8 , 2 , 1 , 84 ,
Jake Lamb , 543 , 0.24 , 0.028999999165534973 , 20 , 4 , 73 , 8 , 75 , 8 , 4 , 2 , 86 ,
Starlin Castro , 589 , 0.278 , 0.03849999979138374 , 14 , 3 , 70 , 8 , 61 , 7 , 5 , 2 , 87 ,
Nick Ahmed , 567 , 0.24 , 0.028999999165534973 , 17 , 4 , 63 , 7 , 66 , 8 , 5 , 3 , 88 ,
Jesus Aguilar , 604 , 0.27 , 0.0364999994635582 , 29 , 5 , 70 , 8 , 91 , 9 , 1 , 1 , 89 ,
Adam Jones , 583 , 0.273 , 0.03700000047683716 , 17 , 5 , 61 , 7 , 64 , 8 , 4 , 2 , 90 ,
Brandon Crawford , 608 , 0.254 , 0.032499998807907104 , 15 , 3 , 64 , 8 , 67 , 8 , 5 , 2 , 91 ,
Dee Gordon , 626 , 0.289 , 0.04149999842047691 , 5 , 2 , 81 , 9 , 43 , 6 , 35 , 27 , 92 ,
Jose Peraza , 641 , 0.279 , 0.039000000804662704 , 9 , 3 , 67 , 8 , 49 , 7 , 21 , 11 , 93 ,
Jonathan Schoop , 548 , 0.261 , 0.03400000184774399 , 22 , 5 , 67 , 8 , 72 , 8 , 2 , 1 , 94 ,
Chris Taylor , 583 , 0.27 , 0.0364999994635582 , 15 , 3 , 69 , 8 , 57 , 7 , 8 , 5 , 95 ,
Miguel Sano , 569 , 0.234 , 0.027499999850988388 , 28 , 5 , 72 , 8 , 82 , 9 , 1 , 1 , 96 ,
Marwin Gonzalez , 515 , 0.271 , 0.0364999994635582 , 16 , 4 , 61 , 7 , 67 , 11 , 5 , 2 , 97 ,
Ryan Braun , 517 , 0.256 , 0.032999999821186066 , 17 , 5 , 57 , 10 , 58 , 8 , 9 , 11 , 98 ,
Kevin Pillar , 560 , 0.258 , 0.032999999821186066 , 12 , 4 , 62 , 9 , 51 , 7 , 12 , 8 , 99 ,
Ketel Marte , 593 , 0.261 , 0.03400000184774399 , 11 , 3 , 69 , 8 , 52 , 7 , 8 , 2 , 100 ,
Jason Kipnis , 564 , 0.235 , 0.027499999850988388 , 17 , 4 , 63 , 7 , 62 , 7 , 7 , 3 , 101 ,
Kyle Schwarber , 567 , 0.228 , 0.026000000536441803 , 27 , 6 , 68 , 8 , 65 , 8 , 3 , 1 , 102 ,
Matt Chapman , 649 , 0.255 , 0.032499998807907104 , 21 , 4 , 76 , 13 , 63 , 7 , 2 , 1 , 103 ,
Gary Sanchez , 533 , 0.235 , 0.027499999850988388 , 27 , 5 , 68 , 8 , 75 , 8 , 2 , 1 , 104 ,
Nomar Mazara , 602 , 0.253 , 0.03200000151991844 , 20 , 4 , 60 , 7 , 79 , 11 , 2 , 1 , 105 ,
Ian Desmond , 486 , 0.257 , 0.032999999821186066 , 14 , 3 , 60 , 8 , 59 , 7 , 13 , 10 , 106 ,
Max Kepler , 610 , 0.231 , 0.026499999687075615 , 18 , 4 , 67 , 8 , 61 , 7 , 4 , 2 , 107 ,
Yonder Alonso , 538 , 0.252 , 0.03150000050663948 , 21 , 4 , 63 , 7 , 69 , 8 , 2 , 1 , 108 ,
Maikel Franco , 538 , 0.253 , 0.03200000151991844 , 22 , 4 , 58 , 7 , 73 , 8 , 1 , 1 , 109 ,
Kevin Kiermaier , 537 , 0.24 , 0.028999999165534973 , 12 , 4 , 64 , 9 , 44 , 6 , 17 , 4 , 110 ,
Asdrubal Cabrera , 545 , 0.264 , 0.03500000014901161 , 18 , 4 , 63 , 7 , 64 , 8 , 2 , 1 , 110 ,
Rafael Devers , 557 , 0.26 , 0.03400000184774399 , 19 , 4 , 59 , 7 , 62 , 7 , 4 , 2 , 112 ,
Josh Bell , 576 , 0.262 , 0.03449999913573265 , 17 , 4 , 67 , 8 , 66 , 8 , 3 , 1 , 113 ,
Ronald Acuna Jr. , 663 , 0.292 , 0.042500000447034836 , 20 , 4 , 56 , 8 , 53 , 7 , 8 , 10 , 114 ,
Wilmer Flores , 551 , 0.263 , 0.03449999913573265 , 18 , 4 , 58 , 7 , 68 , 8 , 2 , 1 , 115 ,
Yoan Moncada , 634 , 0.238 , 0.02800000086426735 , 15 , 3 , 65 , 8 , 52 , 7 , 7 , 3 , 116 ,
Ryan Zimmerman , 491 , 0.264 , 0.03500000014901161 , 22 , 4 , 57 , 7 , 74 , 9 , 2 , 1 , 117 ,
Yolmer Sanchez , 587 , 0.249 , 0.03099999949336052 , 10 , 3 , 60 , 7 , 54 , 7 , 8 , 2 , 117 ,
Steven Souza Jr. , 516 , 0.225 , 0.02500000037252903 , 16 , 4 , 52 , 7 , 56 , 7 , 9 , 9 , 119 ,
Jed Lowrie , 582 , 0.263 , 0.03449999913573265 , 15 , 3 , 67 , 8 , 65 , 12 , 2 , 1 , 120 ,
Mallex Smith , 624 , 0.271 , 0.03700000047683716 , 5 , 2 , 72 , 8 , 38 , 6 , 37 , 6 , 121 ,
Buster Posey , 543 , 0.289 , 0.041999999433755875 , 10 , 3 , 61 , 7 , 58 , 7 , 5 , 2 , 122 ,
Jonathan Villar , 546 , 0.254 , 0.032499998807907104 , 11 , 6 , 60 , 7 , 42 , 11 , 32 , 5 , 123 ,
Mark Trumbo , 534 , 0.25 , 0.03099999949336052 , 23 , 4 , 63 , 7 , 66 , 8 , 1 , 1 , 123 ,
C.J. Cron , 489 , 0.252 , 0.03200000151991844 , 21 , 4 , 54 , 7 , 67 , 8 , 2 , 1 , 125 ,
Jason Heyward , 510 , 0.27 , 0.0364999994635582 , 11 , 3 , 65 , 8 , 59 , 7 , 5 , 2 , 126 ,
Amed Rosario , 601 , 0.262 , 0.03449999913573265 , 9 , 3 , 58 , 7 , 42 , 6 , 17 , 11 , 127 ,
Edwin Encarnacion , 553 , 0.24 , 0.028999999165534973 , 21 , 4 , 53 , 7 , 66 , 8 , 2 , 1 , 128 ,
Brandon Nimmo , 623 , 0.246 , 0.030500000342726707 , 14 , 3 , 67 , 13 , 48 , 6 , 6 , 3 , 130 ,
Salvador Perez , 502 , 0.248 , 0.03099999949336052 , 22 , 6 , 52 , 7 , 71 , 10 , 1 , 1 , 130 ,
Zack Cozart , 556 , 0.245 , 0.029999999329447746 , 16 , 4 , 68 , 18 , 53 , 7 , 3 , 1 , 130 ,
Adalberto Mondesi , 621 , 0.286 , 0.04100000113248825 , 15 , 4 , 52 , 10 , 45 , 6 , 25 , 37 , 130 ,
Paul DeJong , 573 , 0.25 , 0.03150000050663948 , 21 , 4 , 61 , 9 , 67 , 8 , 1 , 1 , 133 ,
Hernan Perez , 479 , 0.258 , 0.03350000083446503 , 11 , 3 , 48 , 6 , 47 , 6 , 12 , 12 , 134 ,
Robinson Cano , 625 , 0.28 , 0.039500001817941666 , 14 , 3 , 55 , 7 , 62 , 7 , 1 , 1 , 135 ,
Adam Frazier , 517 , 0.278 , 0.03849999979138374 , 11 , 3 , 64 , 8 , 51 , 7 , 5 , 2 , 136 ,
Billy Hamilton , 558 , 0.245 , 0.029999999329447746 , 5 , 2 , 75 , 8 , 33 , 5 , 42 , 12 , 137 ,
Nick Markakis , 604 , 0.28 , 0.039000000804662704 , 10 , 3 , 59 , 7 , 62 , 7 , 2 , 1 , 138 ,
Yuli Gurriel , 550 , 0.291 , 0.042500000447034836 , 13 , 3 , 55 , 7 , 62 , 7 , 3 , 1 , 138 ,
Miguel Cabrera , 579 , 0.274 , 0.03750000149011612 , 13 , 3 , 56 , 7 , 61 , 14 , 2 , 1 , 140 ,
Carlos Gonzalez , 451 , 0.275 , 0.03799999877810478 , 15 , 3 , 61 , 7 , 57 , 7 , 3 , 1 , 141 ,
David Dahl , 554 , 0.282 , 0.03999999910593033 , 18 , 4 , 44 , 6 , 57 , 7 , 5 , 3 , 141 ,
Willson Contreras , 491 , 0.263 , 0.03449999913573265 , 15 , 3 , 51 , 7 , 58 , 7 , 4 , 2 , 143 ,
Enrique Hernandez , 475 , 0.242 , 0.029500000178813934 , 17 , 4 , 61 , 8 , 51 , 7 , 3 , 1 , 144 ,
Chris Davis , 533 , 0.203 , 0.020500000566244125 , 20 , 5 , 55 , 7 , 58 , 7 , 2 , 1 , 145 ,
Alex Gordon , 557 , 0.231 , 0.026499999687075615 , 10 , 3 , 52 , 7 , 46 , 6 , 7 , 3 , 146 ,
Gregory Polanco , 400 , 0.258 , 0.03350000083446503 , 13 , 3 , 50 , 7 , 47 , 6 , 8 , 2 , 146 ,
Shin-Soo Choo , 585 , 0.243 , 0.029500000178813934 , 13 , 3 , 54 , 7 , 44 , 6 , 5 , 2 , 148 ,
Kendrys Morales , 544 , 0.241 , 0.028999999165534973 , 20 , 4 , 50 , 7 , 61 , 7 , 1 , 1 , 148 ,
Ian Happ , 463 , 0.241 , 0.028999999165534973 , 16 , 4 , 51 , 7 , 48 , 6 , 5 , 4 , 150 ,
Trey Mancini , 611 , 0.256 , 0.032999999821186066 , 17 , 7 , 55 , 7 , 56 , 7 , 1 , 1 , 151 ,
Yasmani Grandal , 479 , 0.238 , 0.02850000001490116 , 21 , 4 , 55 , 7 , 61 , 7 , 1 , 1 , 152 ,
Joe Panik , 533 , 0.265 , 0.03500000014901161 , 7 , 2 , 56 , 7 , 41 , 6 , 6 , 2 , 153 ,
Orlando Arcia , 525 , 0.253 , 0.03200000151991844 , 8 , 2 , 46 , 6 , 44 , 6 , 8 , 7 , 154 ,
Scott Schebler , 433 , 0.248 , 0.03099999949336052 , 16 , 4 , 49 , 7 , 47 , 6 , 3 , 1 , 155 ,
Yadier Molina , 523 , 0.257 , 0.032999999821186066 , 12 , 3 , 40 , 6 , 50 , 7 , 3 , 1 , 156 ,
Juan Soto , 627 , 0.298 , 0.04450000077486038 , 12 , 10 , 50 , 10 , 43 , 17 , 6 , 2 , 157 ,
Jay Bruce , 433 , 0.236 , 0.02800000086426735 , 17 , 4 , 46 , 6 , 55 , 7 , 2 , 1 , 158 ,
Kolten Wong , 454 , 0.262 , 0.03449999913573265 , 8 , 2 , 53 , 7 , 44 , 6 , 7 , 2 , 158 ,
Josh Harrison , 456 , 0.263 , 0.03449999913573265 , 9 , 3 , 50 , 7 , 42 , 6 , 7 , 2 , 160 ,
Jose Iglesias , 456 , 0.264 , 0.03500000014901161 , 6 , 2 , 46 , 6 , 45 , 6 , 8 , 6 , 161 ,
Josh Reddick , 380 , 0.273 , 0.03750000149011612 , 11 , 3 , 49 , 7 , 44 , 6 , 5 , 2 , 162 ,
Justin Bour , 400 , 0.25 , 0.03150000050663948 , 18 , 4 , 45 , 6 , 57 , 10 , 1 , 1 , 163 ,
Delino DeShields , 449 , 0.243 , 0.029500000178813934 , 5 , 2 , 66 , 8 , 27 , 5 , 25 , 5 , 164 ,
Gleyber Torres , 605 , 0.277 , 0.03849999979138374 , 17 , 4 , 40 , 6 , 55 , 7 , 3 , 1 , 164 ,
Jose Martinez , 435 , 0.301 , 0.045499999076128006 , 13 , 3 , 47 , 6 , 52 , 7 , 2 , 1 , 166 ,
Max Muncy , 569 , 0.276 , 0.03799999877810478 , 20 , 8 , 48 , 6 , 49 , 7 , 2 , 1 , 167 ,
Devon Travis , 395 , 0.254 , 0.032499998807907104 , 11 , 3 , 44 , 6 , 47 , 6 , 4 , 2 , 168 ,
Adam Eaton , 570 , 0.287 , 0.04100000113248825 , 7 , 2 , 55 , 7 , 37 , 6 , 8 , 5 , 169 ,
Manuel Margot , 509 , 0.254 , 0.032499998807907104 , 8 , 2 , 42 , 6 , 38 , 6 , 9 , 7 , 170 ,
Logan Morrison , 397 , 0.217 , 0.023499999195337296 , 18 , 4 , 46 , 6 , 48 , 6 , 2 , 1 , 171 ,
Francisco Cervelli , 425 , 0.262 , 0.03449999913573265 , 11 , 3 , 48 , 6 , 51 , 7 , 3 , 1 , 172 ,
Mitch Moreland , 389 , 0.248 , 0.030500000342726707 , 16 , 4 , 48 , 6 , 56 , 7 , 1 , 1 , 173 ,
Shohei Ohtani , 479 , 0.287 , 0.04100000113248825 , 15 , 3 , 40 , 6 , 44 , 6 , 5 , 5 , 174 ,
Ian Kinsler , 491 , 0.243 , 0.029500000178813934 , 9 , 5 , 44 , 11 , 31 , 5 , 7 , 6 , 175 ,
Brett Gardner , 423 , 0.25 , 0.03099999949336052 , 8 , 2 , 50 , 10 , 32 , 5 , 8 , 8 , 176 ,
Wilson Ramos , 398 , 0.28 , 0.039000000804662704 , 15 , 3 , 40 , 6 , 60 , 11 , 1 , 1 , 177 ,
Mikie Mahtook , 414 , 0.232 , 0.027000000700354576 , 12 , 3 , 41 , 6 , 41 , 6 , 4 , 3 , 177 ,
Dansby Swanson , 511 , 0.234 , 0.027499999850988388 , 9 , 3 , 43 , 6 , 43 , 6 , 5 , 2 , 179 ,
Dexter Fowler , 365 , 0.23 , 0.026499999687075615 , 11 , 3 , 47 , 6 , 38 , 6 , 5 , 2 , 180 ,
Jurickson Profar , 567 , 0.259 , 0.03350000083446503 , 10 , 3 , 46 , 6 , 40 , 7 , 5 , 2 , 181 ,
JaCoby Jones , 497 , 0.198 , 0.019500000402331352 , 8 , 2 , 41 , 10 , 33 , 5 , 10 , 12 , 182 ,
Miguel Andujar , 606 , 0.3 , 0.04500000178813934 , 13 , 3 , 45 , 6 , 49 , 7 , 1 , 1 , 182 ,
Albert Almora Jr. , 471 , 0.292 , 0.042500000447034836 , 7 , 2 , 50 , 7 , 44 , 6 , 3 , 1 , 184 ,
Willy Adames , 610 , 0.277 , 0.03799999877810478 , 10 , 3 , 44 , 6 , 35 , 5 , 5 , 2 , 185 ,
Welington Castillo , 388 , 0.261 , 0.03400000184774399 , 14 , 5 , 40 , 6 , 45 , 6 , 1 , 1 , 186 ,
Mike Zunino , 409 , 0.216 , 0.023499999195337296 , 18 , 10 , 40 , 6 , 47 , 9 , 1 , 1 , 187 ,
Tucker Barnhart , 489 , 0.255 , 0.032499998807907104 , 7 , 2 , 43 , 6 , 43 , 10 , 3 , 1 , 188 ,
Jorge Soler , 515 , 0.263 , 0.03449999913573265 , 11 , 3 , 41 , 6 , 39 , 6 , 3 , 1 , 189 ,
Johan Camargo , 416 , 0.286 , 0.04100000113248825 , 9 , 3 , 43 , 6 , 44 , 6 , 2 , 1 , 190 ,
Robinson Chirinos , 354 , 0.234 , 0.027499999850988388 , 15 , 3 , 43 , 6 , 45 , 6 , 1 , 1 , 191 ,
Ryan O'Hearn , 548 , 0.273 , 0.03700000047683716 , 20 , 4 , 41 , 6 , 53 , 7 , 0 , 0 , 192 ,
Leonys Martin , 470 , 0.254 , 0.032499998807907104 , 9 , 3 , 42 , 6 , 31 , 5 , 7 , 2 , 193 ,
Todd Frazier , 320 , 0.22 , 0.024000000208616257 , 14 , 3 , 38 , 6 , 41 , 6 , 3 , 3 , 194 ,
Harrison Bader , 567 , 0.267 , 0.03550000116229057 , 8 , 2 , 43 , 6 , 29 , 5 , 8 , 7 , 195 ,
Joey Rickard , 371 , 0.246 , 0.030500000342726707 , 9 , 3 , 37 , 6 , 31 , 5 , 6 , 4 , 196 ,
Jordy Mercer , 443 , 0.253 , 0.03200000151991844 , 7 , 2 , 44 , 6 , 39 , 9 , 3 , 1 , 197 ,
Didi Gregorius , 282 , 0.275 , 0.03799999877810478 , 12 , 3 , 38 , 6 , 41 , 6 , 3 , 1 , 198 ,
Evan Gattis , 317 , 0.253 , 0.03200000151991844 , 15 , 3 , 38 , 6 , 51 , 7 , 1 , 1 , 198 ,
Luke Voit , 443 , 0.313 , 0.04899999871850014 , 19 , 9 , 41 , 12 , 50 , 13 , 0 , 0 , 200 ,
Ramon Laureano , 513 , 0.283 , 0.03999999910593033 , 7 , 2 , 41 , 7 , 30 , 5 , 8 , 8 , 201 ,
Chris Owings , 344 , 0.236 , 0.02800000086426735 , 6 , 2 , 35 , 5 , 32 , 5 , 8 , 9 , 201 ,
Denard Span , 329 , 0.27 , 0.0364999994635582 , 6 , 2 , 39 , 6 , 30 , 5 , 6 , 2 , 203 ,
Tyler White , 509 , 0.271 , 0.0364999994635582 , 15 , 3 , 37 , 6 , 52 , 7 , 0 , 0 , 204 ,
Corey Seager , 632 , 0.3 , 0.04500000178813934 , 10 , 3 , 42 , 6 , 39 , 6 , 2 , 1 , 205 ,
Ryon Healy , 384 , 0.255 , 0.032499998807907104 , 14 , 4 , 37 , 6 , 46 , 6 , 1 , 1 , 205 ,
Steven Duggar , 547 , 0.271 , 0.0364999994635582 , 4 , 2 , 39 , 6 , 32 , 5 , 9 , 3 , 207 ,
Yangervis Solarte , 355 , 0.246 , 0.030500000342726707 , 12 , 3 , 36 , 6 , 43 , 6 , 1 , 1 , 208 ,
Adam Engel , 446 , 0.217 , 0.023499999195337296 , 5 , 2 , 38 , 6 , 25 , 5 , 9 , 8 , 209 ,
Avisail Garcia , 287 , 0.268 , 0.035999998450279236 , 11 , 3 , 35 , 5 , 37 , 6 , 2 , 1 , 210 ,
Greg Garcia , 459 , 0.23 , 0.026499999687075615 , 6 , 2 , 38 , 6 , 32 , 5 , 4 , 2 , 211 ,
Niko Goodrum , 525 , 0.25 , 0.03099999949336052 , 10 , 3 , 32 , 5 , 33 , 5 , 5 , 5 , 212 ,
Addison Russell , 346 , 0.247 , 0.030500000342726707 , 8 , 2 , 40 , 6 , 35 , 5 , 3 , 1 , 213 ,
Hunter Renfroe , 347 , 0.243 , 0.029500000178813934 , 15 , 6 , 33 , 5 , 40 , 6 , 1 , 1 , 214 ,
Franmil Reyes , 573 , 0.274 , 0.03750000149011612 , 16 , 5 , 38 , 6 , 37 , 6 , 0 , 0 , 215 ,
Carlos Gomez , 298 , 0.232 , 0.027000000700354576 , 8 , 2 , 32 , 5 , 29 , 5 , 7 , 7 , 216 ,
John Hicks , 374 , 0.266 , 0.03550000116229057 , 9 , 3 , 37 , 6 , 35 , 5 , 2 , 1 , 217 ,
Jake Bauers , 580 , 0.211 , 0.02199999988079071 , 8 , 2 , 38 , 6 , 36 , 11 , 4 , 2 , 218 ,
Michael A. Taylor , 258 , 0.245 , 0.029999999329447746 , 6 , 2 , 31 , 5 , 24 , 4 , 12 , 3 , 219 ,
J.T. Riddle , 444 , 0.243 , 0.029500000178813934 , 9 , 3 , 34 , 5 , 44 , 6 , 1 , 1 , 220 ,
Lucas Duda , 314 , 0.233 , 0.027000000700354576 , 14 , 3 , 33 , 5 , 41 , 6 , 1 , 1 , 221 ,
Joey Wendle , 498 , 0.3 , 0.04500000178813934 , 3 , 1 , 32 , 5 , 29 , 5 , 8 , 2 , 222 ,
Alex Avila , 366 , 0.217 , 0.023499999195337296 , 11 , 3 , 35 , 5 , 37 , 6 , 1 , 1 , 223 ,
Jonathan Lucroy , 371 , 0.257 , 0.032999999821186066 , 5 , 2 , 36 , 6 , 37 , 6 , 1 , 1 , 225 ,
Byron Buxton , 504 , 0.255 , 0.032499998807907104 , 6 , 3 , 32 , 5 , 22 , 6 , 12 , 3 , 225 ,
Matt Kemp , 293 , 0.278 , 0.03849999979138374 , 10 , 3 , 32 , 5 , 40 , 9 , 1 , 1 , 225 ,
Brian Anderson , 601 , 0.272 , 0.03700000047683716 , 6 , 2 , 43 , 6 , 33 , 5 , 2 , 1 , 227 ,
Jeimer Candelario , 619 , 0.226 , 0.025499999523162842 , 10 , 3 , 41 , 6 , 30 , 5 , 2 , 1 , 228 ,
Austin Barnes , 344 , 0.24 , 0.028999999165534973 , 7 , 2 , 38 , 6 , 29 , 5 , 4 , 2 , 229 ,
Freddy Galvis , 313 , 0.253 , 0.03200000151991844 , 6 , 2 , 31 , 5 , 30 , 5 , 4 , 2 , 230 ,
Tyler Flowers , 344 , 0.245 , 0.029999999329447746 , 9 , 3 , 38 , 6 , 37 , 7 , 1 , 1 , 231 ,
Jedd Gyorko , 279 , 0.259 , 0.03350000083446503 , 9 , 3 , 32 , 5 , 34 , 5 , 2 , 1 , 232 ,
Austin Hedges , 316 , 0.228 , 0.026000000536441803 , 11 , 3 , 27 , 5 , 35 , 5 , 2 , 1 , 233 ,
Alcides Escobar , 343 , 0.247 , 0.030500000342726707 , 3 , 1 , 35 , 5 , 26 , 5 , 4 , 2 , 234 ,
Steve Pearce , 314 , 0.256 , 0.032999999821186066 , 11 , 3 , 33 , 5 , 38 , 6 , 0 , 0 , 235 ,
Austin Meadows , 498 , 0.281 , 0.039500001817941666 , 7 , 2 , 27 , 5 , 26 , 5 , 5 , 4 , 236 ,
Eduardo Nunez , 255 , 0.282 , 0.03999999910593033 , 5 , 2 , 29 , 5 , 25 , 5 , 7 , 3 , 237 ,
Jarrod Dyson , 262 , 0.233 , 0.027000000700354576 , 2 , 1 , 33 , 5 , 16 , 4 , 17 , 4 , 238 ,
Nelson Cruz , 606 , 0.224 , 0.02500000037252903 , 10 , 4 , 24 , 4 , 30 , 5 , 0 , 0 , 239 ,
Miguel Rojas , 319 , 0.269 , 0.035999998450279236 , 4 , 2 , 32 , 5 , 30 , 5 , 3 , 1 , 240 ,
Matt Adams , 251 , 0.258 , 0.032999999821186066 , 13 , 3 , 31 , 5 , 42 , 6 , 0 , 0 , 241 ,
Christian Vazquez , 344 , 0.242 , 0.029500000178813934 , 4 , 2 , 33 , 5 , 24 , 4 , 5 , 2 , 242 ,
Yan Gomes , 301 , 0.244 , 0.029999999329447746 , 10 , 3 , 33 , 5 , 36 , 6 , 0 , 0 , 243 ,
Greg Allen , 446 , 0.257 , 0.032999999821186066 , 2 , 1 , 31 , 5 , 17 , 4 , 17 , 4 , 244 ,
Jesse Winker , 564 , 0.289 , 0.041999999433755875 , 7 , 2 , 37 , 6 , 37 , 7 , 1 , 1 , 245 ,
Kurt Suzuki , 300 , 0.267 , 0.03550000116229057 , 10 , 3 , 30 , 5 , 36 , 6 , 0 , 0 , 246 ,
Nick Williams , 308 , 0.267 , 0.03550000116229057 , 9 , 3 , 31 , 5 , 34 , 5 , 1 , 1 , 247 ,
Omar Narvaez , 418 , 0.27 , 0.0364999994635582 , 7 , 2 , 34 , 5 , 28 , 5 , 1 , 1 , 248 ,
Tyler Naquin , 456 , 0.268 , 0.035999998450279236 , 5 , 2 , 33 , 6 , 33 , 6 , 2 , 1 , 249 ,
David Fletcher , 523 , 0.283 , 0.03999999910593033 , 2 , 1 , 34 , 5 , 25 , 5 , 4 , 2 , 250 ,
Daniel Descalso , 269 , 0.241 , 0.028999999165534973 , 8 , 2 , 34 , 5 , 35 , 5 , 1 , 1 , 251 ,
Daniel Palka , 445 , 0.248 , 0.03099999949336052 , 13 , 5 , 29 , 5 , 35 , 5 , 1 , 1 , 252 ,
Cedric Mullins II , 575 , 0.244 , 0.029500000178813934 , 5 , 2 , 36 , 6 , 20 , 4 , 3 , 1 , 253 ,
Adam Duvall , 274 , 0.225 , 0.025499999523162842 , 10 , 3 , 29 , 5 , 36 , 6 , 1 , 1 , 254 ,
Aaron Altherr , 237 , 0.228 , 0.026000000536441803 , 9 , 3 , 28 , 5 , 33 , 5 , 2 , 2 , 255 ,
Ronald Guzman , 505 , 0.244 , 0.029500000178813934 , 10 , 3 , 30 , 5 , 37 , 6 , 1 , 1 , 255 ,
Cory Spangenberg , 297 , 0.25 , 0.03099999949336052 , 5 , 3 , 29 , 5 , 21 , 4 , 5 , 2 , 257 ,
Keon Broxton , 402 , 0.231 , 0.027000000700354576 , 8 , 2 , 25 , 5 , 20 , 4 , 7 , 7 , 258 ,
Eric Thames , 245 , 0.228 , 0.026000000536441803 , 11 , 3 , 28 , 6 , 26 , 5 , 2 , 2 , 259 ,
Neil Walker , 281 , 0.243 , 0.029500000178813934 , 9 , 3 , 34 , 5 , 32 , 5 , 1 , 1 , 260 ,
Brian Goodwin , 263 , 0.242 , 0.029500000178813934 , 8 , 2 , 28 , 5 , 27 , 5 , 3 , 3 , 261 ,
Matt Duffy , 356 , 0.291 , 0.042500000447034836 , 2 , 1 , 28 , 5 , 21 , 4 , 5 , 2 , 262 ,
Ben Zobrist , 451 , 0.258 , 0.032999999821186066 , 5 , 2 , 28 , 5 , 24 , 4 , 1 , 1 , 263 ,
Tim Beckham , 274 , 0.243 , 0.029500000178813934 , 7 , 3 , 29 , 6 , 26 , 5 , 2 , 1 , 264 ,
Teoscar Hernandez , 427 , 0.247 , 0.030500000342726707 , 9 , 3 , 28 , 5 , 27 , 5 , 2 , 1 , 264 ,
Daniel Robertson , 349 , 0.232 , 0.027000000700354576 , 7 , 2 , 33 , 5 , 26 , 5 , 1 , 1 , 266 ,
Leury Garcia , 259 , 0.267 , 0.03550000116229057 , 4 , 2 , 22 , 4 , 23 , 4 , 5 , 6 , 267 ,
Mark Canha , 274 , 0.236 , 0.02800000086426735 , 8 , 2 , 29 , 5 , 26 , 5 , 1 , 1 , 268 ,
Lourdes Gurriel Jr. , 456 , 0.278 , 0.03849999979138374 , 8 , 5 , 27 , 5 , 31 , 7 , 1 , 1 , 269 ,
Dustin Pedroia , 474 , 0.293 , 0.0430000014603138 , 5 , 2 , 27 , 5 , 29 , 5 , 2 , 1 , 270 ,
Colin Moran , 469 , 0.285 , 0.04050000011920929 , 7 , 2 , 29 , 5 , 33 , 5 , 0 , 0 , 271 ,
Brock Holt , 256 , 0.248 , 0.03099999949336052 , 4 , 2 , 30 , 5 , 24 , 4 , 3 , 1 , 272 ,
Martin Maldonado , 306 , 0.224 , 0.02500000037252903 , 8 , 2 , 28 , 5 , 30 , 5 , 0 , 0 , 273 ,
Chris Iannetta , 317 , 0.22 , 0.024000000208616257 , 9 , 3 , 28 , 5 , 29 , 5 , 0 , 0 , 274 ,
Jon Jay , 253 , 0.273 , 0.03700000047683716 , 2 , 1 , 32 , 5 , 18 , 4 , 3 , 1 , 275 ,
Brian McCann , 256 , 0.224 , 0.02500000037252903 , 10 , 3 , 27 , 5 , 31 , 5 , 0 , 0 , 276 ,
Ji-Man Choi , 379 , 0.255 , 0.032499998807907104 , 9 , 3 , 24 , 4 , 29 , 5 , 1 , 1 , 277 ,
Alen Hanson , 218 , 0.246 , 0.029999999329447746 , 3 , 1 , 23 , 4 , 17 , 4 , 5 , 2 , 278 ,
Austin Slater , 418 , 0.253 , 0.03200000151991844 , 1 , 1 , 22 , 4 , 21 , 6 , 5 , 3 , 279 ,
Martin Prado , 462 , 0.257 , 0.032999999821186066 , 3 , 1 , 24 , 4 , 26 , 5 , 1 , 1 , 280 ,
Jeff McNeil , 341 , 0.319 , 0.05050000175833702 , 2 , 1 , 25 , 5 , 15 , 3 , 5 , 2 , 281 ,
Renato Nunez , 514 , 0.259 , 0.03350000083446503 , 6 , 5 , 30 , 5 , 23 , 4 , 1 , 1 , 282 ,
Joc Pederson , 217 , 0.229 , 0.026000000536441803 , 9 , 3 , 28 , 5 , 25 , 5 , 1 , 1 , 283 ,
Matt Wieters , 290 , 0.231 , 0.026499999687075615 , 7 , 2 , 27 , 5 , 30 , 6 , 1 , 1 , 284 ,
Chad Pinder , 271 , 0.252 , 0.03150000050663948 , 9 , 3 , 28 , 5 , 24 , 4 , 1 , 1 , 285 ,
Hunter Dozier , 523 , 0.225 , 0.025499999523162842 , 7 , 2 , 26 , 5 , 25 , 5 , 1 , 1 , 286 ,
Jose Bautista , 221 , 0.215 , 0.023000000044703484 , 7 , 2 , 28 , 5 , 24 , 4 , 2 , 1 , 287 ,
Greg Bird , 236 , 0.21 , 0.02199999988079071 , 9 , 3 , 23 , 4 , 30 , 5 , 0 , 0 , 288 ,
Ryan McMahon , 509 , 0.227 , 0.025499999523162842 , 6 , 2 , 23 , 4 , 25 , 5 , 1 , 1 , 289 ,
Wilmer Difo , 227 , 0.251 , 0.03150000050663948 , 3 , 1 , 23 , 4 , 16 , 4 , 3 , 2 , 290 ,
Jorge Alfaro , 421 , 0.264 , 0.03500000014901161 , 5 , 2 , 22 , 4 , 23 , 4 , 1 , 1 , 291 ,
Roberto Perez , 267 , 0.199 , 0.019500000402331352 , 6 , 2 , 25 , 5 , 29 , 5 , 1 , 1 , 292 ,
Scott Kingery , 377 , 0.237 , 0.02800000086426735 , 3 , 1 , 23 , 4 , 15 , 3 , 3 , 1 , 293 ,
Derek Dietrich , 232 , 0.259 , 0.03350000083446503 , 5 , 2 , 28 , 5 , 21 , 4 , 1 , 1 , 294 ,
Lewis Brinson , 482 , 0.205 , 0.020999999716877937 , 6 , 2 , 21 , 4 , 25 , 5 , 1 , 1 , 295 ,
Lonnie Chisenhall , 305 , 0.283 , 0.03999999910593033 , 6 , 2 , 20 , 4 , 28 , 5 , 1 , 1 , 296 ,
David Freese , 229 , 0.273 , 0.03750000149011612 , 5 , 2 , 22 , 4 , 25 , 5 , 0 , 0 , 297 ,
Franchy Cordero , 230 , 0.246 , 0.029999999329447746 , 5 , 2 , 15 , 3 , 16 , 4 , 3 , 3 , 298 ,
Juan Lagares , 322 , 0.253 , 0.03200000151991844 , 2 , 1 , 20 , 4 , 11 , 3 , 3 , 1 , 299 ,
Tony Kemp , 262 , 0.266 , 0.03550000116229057 , 3 , 1 , 18 , 4 , 15 , 3 , 3 , 2 , 300 ,
Nicky Delmonico , 223 , 0.234 , 0.027499999850988388 , 6 , 2 , 22 , 4 , 19 , 4 , 1 , 1 , 301 ,
Raimel Tapia , 299 , 0.292 , 0.0430000014603138 , 1 , 1 , 18 , 4 , 11 , 3 , 3 , 1 , 302 ,
Tony Wolters , 235 , 0.216 , 0.023499999195337296 , 2 , 1 , 22 , 4 , 21 , 4 , 1 , 1 , 302 ,
Jason Castro , 373 , 0.241 , 0.028999999165534973 , 5 , 2 , 24 , 4 , 21 , 4 , 0 , 0 , 304 ,
Russell Martin , 233 , 0.209 , 0.02199999988079071 , 6 , 2 , 23 , 4 , 18 , 4 , 0 , 0 , 305 ,
Yairo Munoz , 257 , 0.285 , 0.04050000011920929 , 4 , 2 , 17 , 4 , 18 , 4 , 1 , 1 , 306 ,
Isiah Kiner-Falefa , 292 , 0.259 , 0.03350000083446503 , 1 , 1 , 17 , 4 , 13 , 3 , 2 , 1 , 306 ,
Albert Pujols , 421 , 0.207 , 0.0215000007301569 , 1 , 1 , 4 , 2 , 5 , 4 , 0 , 0 , 308 ,
James McCann , 212 , 0.233 , 0.027000000700354576 , 5 , 2 , 18 , 4 , 22 , 4 , 0 , 0 , 309 ,
Yandy Diaz , 409 , 0.26 , 0.03400000184774399 , 0 , 0 , 21 , 5 , 12 , 3 , 2 , 1 , 310 ,
Jeff Mathis , 339 , 0.205 , 0.020999999716877937 , 2 , 1 , 17 , 4 , 18 , 4 , 0 , 0 , 311 ,
Troy Tulowitzki , 339 , 0.261 , 0.03400000184774399 , 5 , 2 , 16 , 4 , 21 , 4 , 0 , 0 , 312 ,
Jake Cave , 233 , 0.279 , 0.039000000804662704 , 5 , 2 , 20 , 5 , 18 , 4 , 1 , 1 , 313 ,
Nick Martini , 316 , 0.286 , 0.04100000113248825 , 2 , 1 , 24 , 4 , 18 , 4 , 0 , 0 , 314 ,
Kevin Plawecki , 292 , 0.214 , 0.023000000044703484 , 4 , 2 , 21 , 4 , 20 , 4 , 0 , 0 , 315 ,
Brandon Drury , 353 , 0.27 , 0.0364999994635582 , 4 , 2 , 15 , 3 , 20 , 4 , 0 , 0 , 316 ,
Andrew Knapp , 209 , 0.218 , 0.024000000208616257 , 3 , 1 , 18 , 4 , 13 , 3 , 1 , 1 , 317 ,
Travis d'Arnaud , 238 , 0.252 , 0.03200000151991844 , 4 , 2 , 14 , 3 , 17 , 4 , 0 , 0 , 318 ,
Mitch Garver , 238 , 0.279 , 0.039000000804662704 , 3 , 1 , 15 , 3 , 18 , 4 , 0 , 0 , 319 ,
Josh Phegley , 373 , 0.215 , 0.023000000044703484 , 4 , 2 , 16 , 4 , 14 , 3 , 0 , 0 , 320 ,
Max Stassi , 212 , 0.23 , 0.026499999687075615 , 4 , 2 , 13 , 3 , 13 , 3 , 0 , 0 , 321 ,
Chance Sisco , 251 , 0.193 , 0.01850000023841858 , 1 , 1 , 10 , 3 , 12 , 3 , 0 , 0 , 322 ,
