Name,IP,SO,eSO,ERA,eERA,WHIP,eWHIP,W,eW,S,eS,Rank,
Corey Kluber , 209 , 236 , 15 , 2.71 , 0.34 , 0.97 , 0.26 , 14 , 9 , 0 , 0 , 1 ,
Chris Sale , 194 , 276 , 16 , 2.55 , 0.34 , 0.94 , 0.32 , 14 , 8 , 0 , 0 , 2 ,
Jacob deGrom , 207 , 247 , 15 , 2.65 , 1.35 , 1.07 , 0.3 , 14 , 4 , 0 , 0 , 3 ,
Max Scherzer , 209 , 278 , 16 , 3.06 , 0.47 , 1.1 , 0.28 , 13 , 6 , 0 , 0 , 4 ,
Clayton Kershaw , 184 , 194 , 13 , 2.54 , 0.49 , 0.98 , 0.24 , 14 , 5 , 0 , 0 , 5 ,
Aaron Nola , 196 , 210 , 14 , 3.08 , 0.41 , 1.1 , 0.16 , 13 , 7 , 0 , 0 , 6 ,
Carlos Carrasco , 197 , 224 , 26 , 3.2 , 0.78 , 1.1 , 0.24 , 13 , 4 , 0 , 0 , 7 ,
Blake Snell , 190 , 212 , 14 , 2.89 , 0.76 , 1.17 , 0.13 , 13 , 4 , 0 , 0 , 8 ,
Trevor Bauer , 194 , 228 , 15 , 3.15 , 0.38 , 1.19 , 0.24 , 13 , 8 , 0 , 0 , 9 ,
Luis Severino , 196 , 220 , 27 , 3.44 , 0.69 , 1.14 , 0.15 , 12 , 4 , 0 , 0 , 10 ,
Gerrit Cole , 198 , 232 , 15 , 3.45 , 0.4 , 1.16 , 0.15 , 12 , 7 , 0 , 0 , 11 ,
Madison Bumgarner , 198 , 178 , 13 , 3.27 , 0.41 , 1.18 , 0.21 , 12 , 7 , 0 , 0 , 12 ,
Kyle Hendricks , 190 , 159 , 12 , 3.17 , 0.39 , 1.15 , 0.2 , 12 , 7 , 0 , 0 , 13 ,
Stephen Strasburg , 173 , 205 , 14 , 3.33 , 0.42 , 1.14 , 0.21 , 11 , 6 , 0 , 0 , 14 ,
Miles Mikolas , 198 , 132 , 11 , 3.23 , 1.18 , 1.21 , 0.32 , 13 , 4 , 0 , 0 , 15 ,
James Paxton , 169 , 203 , 14 , 3.36 , 0.75 , 1.11 , 0.27 , 11 , 4 , 0 , 0 , 16 ,
David Price , 186 , 189 , 13 , 3.63 , 0.92 , 1.2 , 0.15 , 11 , 4 , 0 , 0 , 17 ,
Mike Minor , 171 , 160 , 23 , 3.53 , 0.43 , 1.09 , 0.19 , 11 , 5 , 0 , 0 , 18 ,
Mike Clevinger , 172 , 182 , 13 , 3.35 , 0.42 , 1.22 , 0.19 , 11 , 6 , 0 , 0 , 19 ,
Patrick Corbin , 184 , 198 , 21 , 3.62 , 0.42 , 1.22 , 0.16 , 11 , 6 , 0 , 0 , 20 ,
Mike Foltynewicz , 189 , 191 , 13 , 3.67 , 0.42 , 1.23 , 0.19 , 11 , 7 , 0 , 0 , 21 ,
Dallas Keuchel , 190 , 152 , 12 , 3.55 , 0.41 , 1.24 , 0.13 , 11 , 7 , 0 , 0 , 22 ,
Collin McHugh , 140 , 162 , 12 , 2.89 , 0.9 , 1.11 , 0.15 , 10 , 4 , 0 , 0 , 22 ,
Luis Castillo , 177 , 180 , 13 , 3.81 , 0.44 , 1.17 , 0.21 , 10 , 6 , 0 , 0 , 24 ,
Carlos Martinez , 176 , 175 , 13 , 3.32 , 0.41 , 1.27 , 0.17 , 11 , 6 , 0 , 0 , 25 ,
Josh Hader , 78 , 128 , 11 , 2.31 , 0.52 , 0.9 , 0.35 , 4 , 4 , 8 , 2 , 26 ,
Jhoulys Chacin , 187 , 156 , 12 , 3.71 , 0.42 , 1.22 , 0.13 , 11 , 6 , 0 , 0 , 27 ,
Robbie Ray , 172 , 227 , 15 , 3.61 , 0.73 , 1.27 , 0.3 , 11 , 4 , 0 , 0 , 28 ,
Jameson Taillon , 191 , 176 , 13 , 3.77 , 1.08 , 1.28 , 0.19 , 11 , 4 , 0 , 0 , 29 ,
Kyle Freeland , 192 , 151 , 12 , 3.42 , 0.98 , 1.33 , 0.15 , 12 , 4 , 0 , 0 , 30 ,
Noah Syndergaard , 175 , 167 , 15 , 3.39 , 1.34 , 1.29 , 0.28 , 11 , 4 , 0 , 0 , 31 ,
German Marquez , 190 , 204 , 14 , 3.98 , 0.43 , 1.27 , 0.22 , 11 , 6 , 0 , 0 , 32 ,
Jose Berrios , 194 , 193 , 13 , 4.22 , 0.88 , 1.25 , 0.15 , 10 , 4 , 0 , 0 , 33 ,
Brad Hand , 68 , 96 , 9 , 2.51 , 0.58 , 1.04 , 0.2 , 2 , 4 , 37 , 6 , 34 ,
Jake Arrieta , 176 , 153 , 13 , 3.73 , 0.44 , 1.24 , 0.15 , 10 , 6 , 0 , 0 , 35 ,
Jose Quintana , 185 , 180 , 13 , 3.94 , 0.44 , 1.27 , 0.14 , 10 , 6 , 0 , 0 , 36 ,
Rick Porcello , 192 , 179 , 13 , 4.27 , 0.45 , 1.25 , 0.25 , 10 , 6 , 0 , 0 , 37 ,
Edwin Diaz , 65 , 102 , 10 , 2.49 , 0.59 , 0.95 , 0.21 , 2 , 4 , 37 , 6 , 38 ,
Kenley Jansen , 65 , 87 , 9 , 2.35 , 0.57 , 0.89 , 0.34 , 2 , 4 , 36 , 6 , 39 ,
Masahiro Tanaka , 156 , 158 , 12 , 3.87 , 0.98 , 1.15 , 0.24 , 9 , 4 , 0 , 0 , 40 ,
Blake Treinen , 69 , 78 , 8 , 2.22 , 1.96 , 1.09 , 0.26 , 3 , 4 , 35 , 5 , 41 ,
Brad Peacock , 125 , 171 , 16 , 3.17 , 0.58 , 1.15 , 0.22 , 7 , 4 , 0 , 0 , 42 ,
Chris Archer , 191 , 215 , 29 , 4.15 , 0.44 , 1.31 , 0.16 , 10 , 6 , 0 , 0 , 43 ,
Craig Kimbrel , 64 , 104 , 10 , 2.39 , 0.58 , 0.91 , 0.34 , 2 , 4 , 34 , 5 , 44 ,
Justin Verlander , 203 , 248 , 15 , 3.95 , 0.42 , 1.4 , 0.25 , 11 , 7 , 0 , 0 , 45 ,
Jose Leclerc , 65 , 93 , 9 , 2.49 , 0.59 , 1.03 , 0.63 , 2 , 4 , 34 , 5 , 46 ,
Hyun-Jin Ryu , 123 , 126 , 11 , 2.78 , 0.95 , 1.14 , 0.16 , 8 , 4 , 0 , 0 , 47 ,
Walker Buehler , 120 , 120 , 10 , 2.85 , 0.46 , 1.06 , 0.18 , 7 , 4 , 0 , 0 , 48 ,
Alex Wood , 141 , 135 , 14 , 3.38 , 0.46 , 1.17 , 0.18 , 9 , 4 , 0 , 0 , 49 ,
Dellin Betances , 67 , 114 , 13 , 2.69 , 0.6 , 1.09 , 0.3 , 2 , 4 , 8 , 2 , 50 ,
Chase Anderson , 146 , 126 , 14 , 3.51 , 0.62 , 1.17 , 0.19 , 9 , 4 , 0 , 0 , 51 ,
Raisel Iglesias , 66 , 75 , 8 , 2.45 , 0.58 , 1.06 , 0.21 , 2 , 4 , 33 , 5 , 52 ,
Jakob Junis , 181 , 160 , 12 , 4.23 , 0.6 , 1.27 , 0.21 , 10 , 4 , 0 , 0 , 53 ,
Zack Wheeler , 170 , 165 , 12 , 3.92 , 0.48 , 1.28 , 0.19 , 10 , 5 , 0 , 0 , 54 ,
Sean Doolittle , 63 , 80 , 8 , 2.29 , 1.0 , 0.78 , 0.5 , 2 , 4 , 32 , 5 , 55 ,
Carlos Rodon , 175 , 159 , 20 , 4.01 , 0.82 , 1.3 , 0.17 , 10 , 4 , 0 , 0 , 56 ,
Corey Knebel , 64 , 103 , 10 , 2.81 , 0.63 , 1.06 , 0.21 , 2 , 4 , 32 , 5 , 57 ,
Trevor Williams , 148 , 111 , 10 , 3.47 , 0.46 , 1.23 , 0.18 , 9 , 4 , 0 , 0 , 58 ,
Alex Reyes , 97 , 113 , 23 , 1.76 , 1.95 , 1.19 , 0.44 , 7 , 4 , 0 , 0 , 59 ,
Dereck Rodriguez , 142 , 98 , 9 , 3.23 , 1.2 , 1.25 , 0.25 , 9 , 4 , 0 , 0 , 60 ,
Julio Teheran , 159 , 138 , 11 , 4.02 , 0.48 , 1.24 , 0.22 , 9 , 4 , 0 , 0 , 60 ,
Aroldis Chapman , 62 , 99 , 13 , 2.61 , 0.62 , 1.03 , 0.32 , 2 , 4 , 31 , 5 , 62 ,
Mike Leake , 193 , 128 , 11 , 4.34 , 0.56 , 1.32 , 0.28 , 10 , 4 , 0 , 0 , 63 ,
Seranthony Dominguez , 66 , 77 , 8 , 3.14 , 0.65 , 1.0 , 0.3 , 1 , 4 , 30 , 5 , 64 ,
Michael Fulmer , 170 , 133 , 11 , 4.24 , 0.47 , 1.26 , 0.24 , 9 , 5 , 0 , 0 , 65 ,
David Robertson , 65 , 88 , 9 , 3.05 , 0.65 , 1.08 , 0.21 , 1 , 4 , 16 , 4 , 66 ,
Joe Musgrove , 159 , 143 , 19 , 4.25 , 0.49 , 1.24 , 0.23 , 8 , 4 , 0 , 0 , 67 ,
Kirby Yates , 64 , 92 , 9 , 3.09 , 0.66 , 1.06 , 0.25 , 1 , 4 , 30 , 5 , 67 ,
Jose Urena , 162 , 116 , 10 , 4.11 , 0.56 , 1.25 , 0.21 , 9 , 4 , 0 , 0 , 69 ,
Kyle Gibson , 189 , 159 , 12 , 4.24 , 0.45 , 1.39 , 0.14 , 10 , 6 , 0 , 0 , 69 ,
Jake Odorizzi , 160 , 150 , 12 , 4.16 , 0.79 , 1.27 , 0.22 , 9 , 4 , 0 , 0 , 71 ,
Pedro Strop , 64 , 66 , 8 , 2.53 , 0.6 , 1.09 , 0.29 , 2 , 4 , 29 , 5 , 72 ,
Jack Flaherty , 120 , 134 , 15 , 3.52 , 0.68 , 1.18 , 0.17 , 6 , 4 , 0 , 0 , 73 ,
Dan Straily , 155 , 134 , 11 , 4.01 , 0.81 , 1.28 , 0.19 , 9 , 4 , 0 , 0 , 74 ,
Reynaldo Lopez , 174 , 133 , 11 , 4.24 , 0.47 , 1.32 , 0.14 , 9 , 5 , 0 , 0 , 75 ,
Zack Godley , 177 , 182 , 14 , 4.47 , 0.48 , 1.36 , 0.16 , 9 , 5 , 0 , 0 , 76 ,
Danny Duffy , 179 , 163 , 12 , 4.37 , 0.47 , 1.37 , 0.14 , 9 , 5 , 0 , 0 , 77 ,
Andrew Heaney , 176 , 160 , 12 , 4.5 , 0.48 , 1.32 , 0.22 , 9 , 5 , 0 , 0 , 78 ,
Dylan Bundy , 182 , 180 , 13 , 4.7 , 1.19 , 1.32 , 0.21 , 9 , 4 , 0 , 0 , 79 ,
Kevin Gausman , 171 , 148 , 18 , 4.16 , 0.47 , 1.36 , 0.14 , 9 , 5 , 0 , 0 , 80 ,
Sean Newcomb , 171 , 172 , 13 , 4.05 , 0.46 , 1.41 , 0.21 , 9 , 5 , 0 , 0 , 81 ,
Ivan Nova , 154 , 110 , 10 , 4.03 , 0.82 , 1.26 , 0.27 , 9 , 4 , 0 , 0 , 82 ,
Kenta Maeda , 130 , 146 , 12 , 3.88 , 0.52 , 1.22 , 0.19 , 6 , 4 , 0 , 0 , 83 ,
Zack Greinke , 201 , 201 , 26 , 4.52 , 0.67 , 1.52 , 0.23 , 10 , 4 , 0 , 0 , 84 ,
Will Smith , 63 , 77 , 8 , 2.86 , 0.64 , 1.1 , 0.25 , 1 , 4 , 28 , 5 , 85 ,
Blake Parker , 65 , 74 , 8 , 3.18 , 0.66 , 1.12 , 0.23 , 1 , 4 , 28 , 5 , 86 ,
Brad Keller , 161 , 103 , 12 , 3.47 , 0.78 , 1.41 , 0.28 , 10 , 4 , 0 , 0 , 87 ,
Tanner Roark , 150 , 126 , 11 , 4.14 , 0.78 , 1.27 , 0.15 , 8 , 4 , 0 , 0 , 88 ,
Eduardo Rodriguez , 138 , 152 , 12 , 4.04 , 0.51 , 1.27 , 0.18 , 7 , 4 , 0 , 0 , 89 ,
Daniel Mengden , 136 , 96 , 20 , 3.97 , 0.51 , 1.18 , 0.28 , 7 , 4 , 0 , 0 , 89 ,
Matthew Boyd , 171 , 153 , 12 , 4.63 , 0.49 , 1.32 , 0.2 , 8 , 4 , 0 , 0 , 91 ,
Tyler Anderson , 156 , 146 , 12 , 4.44 , 0.58 , 1.29 , 0.17 , 8 , 4 , 0 , 0 , 92 ,
Alex Cobb , 175 , 119 , 10 , 4.42 , 0.48 , 1.35 , 0.15 , 9 , 5 , 0 , 0 , 93 ,
Mychal Givens , 66 , 73 , 8 , 3.41 , 0.68 , 1.15 , 0.22 , 1 , 4 , 27 , 5 , 94 ,
Keone Kela , 61 , 78 , 8 , 2.95 , 0.66 , 1.02 , 0.22 , 1 , 4 , 16 , 4 , 95 ,
Zach Davies , 157 , 114 , 10 , 4.24 , 1.15 , 1.31 , 0.16 , 8 , 4 , 0 , 0 , 96 ,
Yu Darvish , 139 , 166 , 12 , 4.27 , 0.84 , 1.29 , 0.18 , 7 , 4 , 0 , 0 , 97 ,
Nathan Eovaldi , 150 , 125 , 11 , 4.32 , 0.51 , 1.28 , 0.31 , 8 , 4 , 0 , 0 , 98 ,
Tyler Skaggs , 153 , 150 , 12 , 4.18 , 0.5 , 1.36 , 0.15 , 8 , 4 , 0 , 0 , 99 ,
Wade Davis , 64 , 79 , 8 , 3.38 , 0.69 , 1.12 , 0.23 , 1 , 4 , 26 , 5 , 100 ,
Jon Gray , 151 , 157 , 15 , 4.47 , 0.72 , 1.32 , 0.15 , 8 , 4 , 0 , 0 , 101 ,
Brandon Woodruff , 128 , 126 , 11 , 4.01 , 0.53 , 1.24 , 0.16 , 6 , 4 , 0 , 0 , 102 ,
Joey Lucchesi , 165 , 171 , 13 , 4.42 , 0.49 , 1.41 , 0.29 , 8 , 4 , 0 , 0 , 103 ,
Marcus Stroman , 176 , 138 , 11 , 4.55 , 0.48 , 1.4 , 0.17 , 9 , 5 , 0 , 0 , 103 ,
Ross Stripling , 89 , 91 , 9 , 3.34 , 0.58 , 1.17 , 0.24 , 3 , 4 , 0 , 0 , 105 ,
Jose Alvarado , 62 , 72 , 8 , 2.76 , 0.73 , 1.19 , 0.36 , 1 , 4 , 25 , 5 , 106 ,
Arodys Vizcaino , 62 , 68 , 8 , 2.76 , 0.73 , 1.18 , 0.32 , 1 , 4 , 25 , 5 , 106 ,
Jared Hughes , 65 , 51 , 10 , 2.63 , 1.38 , 1.2 , 0.25 , 2 , 4 , 15 , 3 , 108 ,
Antonio Senzatela , 161 , 122 , 11 , 4.42 , 0.5 , 1.34 , 0.15 , 8 , 4 , 0 , 0 , 109 ,
Steven Matz , 154 , 135 , 24 , 4.44 , 0.88 , 1.32 , 0.17 , 8 , 4 , 0 , 0 , 110 ,
Corbin Burnes , 78 , 68 , 17 , 2.88 , 0.58 , 1.09 , 0.2 , 3 , 4 , 0 , 0 , 111 ,
Marco Gonzales , 176 , 151 , 21 , 4.7 , 0.49 , 1.4 , 0.39 , 8 , 5 , 0 , 0 , 112 ,
Mike Fiers , 154 , 131 , 11 , 4.38 , 0.51 , 1.34 , 0.23 , 8 , 4 , 0 , 0 , 113 ,
Anthony Swarzak , 63 , 72 , 11 , 2.86 , 0.71 , 1.22 , 0.22 , 1 , 4 , 15 , 3 , 114 ,
Roberto Osuna , 64 , 69 , 8 , 3.52 , 0.7 , 1.03 , 0.42 , 1 , 4 , 24 , 4 , 115 ,
Matt Barnes , 65 , 90 , 9 , 3.6 , 0.83 , 1.22 , 0.23 , 1 , 4 , 23 , 4 , 116 ,
Felipe Vazquez , 66 , 80 , 10 , 2.73 , 1.5 , 1.14 , 0.25 , 2 , 4 , 0 , 0 , 117 ,
Drew Steckenrider , 65 , 86 , 9 , 3.32 , 0.68 , 1.29 , 0.23 , 1 , 4 , 23 , 4 , 118 ,
Chad Green , 63 , 82 , 9 , 2.57 , 0.61 , 0.98 , 0.29 , 2 , 4 , 0 , 0 , 119 ,
Alex Colome , 60 , 61 , 7 , 2.85 , 0.65 , 1.13 , 0.23 , 1 , 4 , 14 , 3 , 120 ,
Ryan Tepera , 65 , 70 , 8 , 3.6 , 0.71 , 1.17 , 0.22 , 1 , 4 , 14 , 3 , 121 ,
Nick Pivetta , 164 , 183 , 13 , 5.1 , 1.04 , 1.38 , 0.27 , 7 , 4 , 0 , 0 , 122 ,
Andrew Miller , 61 , 86 , 9 , 3.25 , 0.69 , 1.18 , 0.22 , 1 , 4 , 13 , 3 , 123 ,
Ken Giles , 64 , 77 , 8 , 3.66 , 0.72 , 1.16 , 0.34 , 1 , 4 , 22 , 4 , 124 ,
Kelvin Herrera , 63 , 57 , 7 , 3.14 , 0.86 , 1.21 , 0.22 , 1 , 4 , 21 , 4 , 125 ,
Tyler Thornburg , 50 , 66 , 8 , 2.16 , 1.08 , 0.94 , 0.3 , 1 , 4 , 13 , 3 , 126 ,
Robbie Erlin , 132 , 96 , 13 , 4.43 , 0.82 , 1.27 , 0.38 , 6 , 4 , 0 , 0 , 126 ,
Archie Bradley , 67 , 71 , 8 , 3.09 , 0.64 , 1.13 , 0.21 , 1 , 4 , 0 , 0 , 128 ,
Chris Bassitt , 113 , 90 , 9 , 3.42 , 0.52 , 1.35 , 0.18 , 5 , 4 , 0 , 0 , 129 ,
Clay Buchholz , 143 , 107 , 13 , 3.71 , 1.89 , 1.54 , 0.38 , 8 , 4 , 0 , 0 , 130 ,
Caleb Smith , 132 , 138 , 11 , 4.43 , 0.55 , 1.35 , 0.2 , 6 , 4 , 0 , 0 , 131 ,
Lucas Giolito , 141 , 106 , 16 , 4.66 , 0.55 , 1.29 , 0.24 , 6 , 4 , 0 , 0 , 132 ,
Lance Lynn , 142 , 138 , 15 , 4.37 , 0.57 , 1.42 , 0.16 , 7 , 4 , 0 , 0 , 133 ,
Jon Lester , 187 , 167 , 15 , 4.91 , 0.49 , 1.76 , 0.18 , 9 , 5 , 0 , 0 , 134 ,
Trevor Cahill , 117 , 112 , 10 , 4.0 , 0.55 , 1.33 , 0.17 , 5 , 4 , 0 , 0 , 135 ,
Michael Wacha , 104 , 92 , 9 , 3.72 , 0.57 , 1.3 , 0.18 , 4 , 4 , 0 , 0 , 136 ,
Ryan Pressly , 67 , 80 , 8 , 3.36 , 0.67 , 1.15 , 0.21 , 1 , 4 , 0 , 0 , 137 ,
Anthony DeSclafani , 149 , 127 , 11 , 4.83 , 0.91 , 1.36 , 0.24 , 7 , 4 , 0 , 0 , 138 ,
Drew Smyly , 128 , 122 , 11 , 4.71 , 1.12 , 1.27 , 0.2 , 5 , 4 , 0 , 0 , 139 ,
Matt Strahm , 71 , 78 , 8 , 3.42 , 0.66 , 1.18 , 0.43 , 1 , 4 , 0 , 0 , 140 ,
Andrew Cashner , 169 , 108 , 10 , 4.63 , 0.5 , 1.47 , 0.24 , 8 , 4 , 0 , 0 , 141 ,
Vince Velasquez , 142 , 150 , 12 , 4.75 , 0.7 , 1.39 , 0.16 , 6 , 4 , 0 , 0 , 142 ,
Cody Allen , 64 , 81 , 9 , 3.8 , 0.73 , 1.23 , 0.23 , 1 , 4 , 20 , 4 , 142 ,
Derek Holland , 146 , 127 , 11 , 4.56 , 0.53 , 1.43 , 0.22 , 7 , 4 , 0 , 0 , 144 ,
Jordan Zimmermann , 154 , 118 , 11 , 4.97 , 0.76 , 1.38 , 0.27 , 7 , 4 , 0 , 0 , 145 ,
Wade LeBlanc , 144 , 114 , 15 , 4.62 , 0.56 , 1.39 , 0.25 , 7 , 4 , 0 , 0 , 146 ,
Jeremy Hellickson , 94 , 64 , 8 , 4.12 , 0.63 , 1.16 , 0.34 , 2 , 4 , 0 , 0 , 147 ,
Jaime Barria , 116 , 81 , 9 , 3.72 , 0.54 , 1.37 , 0.27 , 5 , 4 , 0 , 0 , 148 ,
Jeurys Familia , 64 , 68 , 8 , 3.38 , 1.27 , 1.31 , 0.32 , 1 , 4 , 12 , 3 , 149 ,
Yonny Chirinos , 110 , 83 , 17 , 3.85 , 0.56 , 1.33 , 0.19 , 4 , 4 , 0 , 0 , 150 ,
Zach Eflin , 145 , 112 , 10 , 4.97 , 0.74 , 1.35 , 0.22 , 6 , 4 , 0 , 0 , 151 ,
Sonny Gray , 133 , 122 , 11 , 4.53 , 0.55 , 1.4 , 0.17 , 6 , 4 , 0 , 0 , 152 ,
Wade Miley , 119 , 89 , 9 , 4.01 , 0.61 , 1.39 , 0.25 , 5 , 4 , 0 , 0 , 153 ,
Craig Stammen , 73 , 75 , 8 , 3.33 , 0.64 , 1.3 , 0.23 , 2 , 4 , 0 , 0 , 154 ,
Charlie Morton , 152 , 180 , 18 , 4.8 , 0.53 , 1.7 , 0.17 , 7 , 4 , 0 , 0 , 155 ,
Carl Edwards Jr. , 58 , 79 , 8 , 2.64 , 0.64 , 1.16 , 0.49 , 1 , 4 , 0 , 0 , 156 ,
Cole Hamels , 175 , 156 , 12 , 5.35 , 0.52 , 1.73 , 0.29 , 7 , 4 , 0 , 0 , 157 ,
Lou Trivino , 65 , 66 , 8 , 3.18 , 0.66 , 1.22 , 0.36 , 1 , 4 , 0 , 0 , 158 ,
Shane Bieber , 142 , 133 , 15 , 4.88 , 0.7 , 1.44 , 0.44 , 6 , 4 , 0 , 0 , 158 ,
Richard Rodriguez , 60 , 70 , 8 , 2.85 , 0.65 , 1.15 , 0.33 , 1 , 4 , 0 , 0 , 160 ,
Luke Weaver , 129 , 132 , 11 , 4.67 , 0.57 , 1.43 , 0.17 , 5 , 4 , 0 , 0 , 161 ,
Felix Hernandez , 131 , 110 , 10 , 4.88 , 0.58 , 1.36 , 0.19 , 5 , 4 , 0 , 0 , 162 ,
Anibal Sanchez , 143 , 140 , 11 , 4.97 , 0.82 , 1.5 , 0.2 , 6 , 4 , 0 , 0 , 163 ,
Taylor Rogers , 61 , 62 , 7 , 2.95 , 0.66 , 1.11 , 0.23 , 1 , 4 , 0 , 0 , 164 ,
Gio Gonzalez , 104 , 92 , 11 , 4.07 , 0.87 , 1.39 , 0.21 , 3 , 4 , 0 , 0 , 165 ,
Zach Britton , 57 , 48 , 6 , 2.84 , 0.79 , 1.25 , 0.38 , 1 , 4 , 6 , 1 , 166 ,
Jeremy Jeffress , 62 , 62 , 7 , 2.76 , 1.74 , 1.23 , 0.24 , 1 , 4 , 0 , 0 , 167 ,
Ryan Yarbrough , 117 , 95 , 16 , 4.31 , 0.58 , 1.41 , 0.18 , 4 , 4 , 0 , 0 , 168 ,
Aaron Sanchez , 138 , 107 , 10 , 4.57 , 0.72 , 1.54 , 0.3 , 6 , 4 , 0 , 0 , 169 ,
Trevor Richards , 132 , 123 , 13 , 4.7 , 0.57 , 1.48 , 0.28 , 5 , 4 , 0 , 0 , 170 ,
J.A. Happ , 167 , 170 , 13 , 5.82 , 0.56 , 1.97 , 0.18 , 6 , 4 , 0 , 0 , 171 ,
Julio Urias , 79 , 84 , 15 , 3.53 , 1.03 , 1.42 , 0.41 , 2 , 4 , 0 , 0 , 172 ,
Mike Montgomery , 74 , 55 , 7 , 3.53 , 0.65 , 1.27 , 0.22 , 2 , 4 , 0 , 0 , 173 ,
Seth Lugo , 64 , 60 , 7 , 3.38 , 0.69 , 1.17 , 0.22 , 1 , 4 , 0 , 0 , 174 ,
Matt Harvey , 150 , 121 , 11 , 5.58 , 0.58 , 1.47 , 0.27 , 6 , 4 , 0 , 0 , 175 ,
Ryan Borucki , 118 , 75 , 8 , 4.19 , 0.57 , 1.42 , 0.24 , 5 , 4 , 0 , 0 , 176 ,
Diego Castillo , 61 , 66 , 12 , 3.39 , 0.71 , 1.07 , 0.22 , 1 , 4 , 0 , 0 , 177 ,
Shane Greene , 65 , 67 , 8 , 4.29 , 0.77 , 1.32 , 0.23 , 1 , 4 , 20 , 4 , 178 ,
Michael Pineda , 133 , 118 , 10 , 5.01 , 0.68 , 1.48 , 0.33 , 5 , 4 , 0 , 0 , 179 ,
Freddy Peralta , 74 , 84 , 9 , 4.38 , 2.07 , 1.23 , 0.36 , 1 , 4 , 0 , 0 , 180 ,
A.J. Minter , 64 , 67 , 8 , 3.66 , 0.98 , 1.41 , 0.35 , 1 , 4 , 11 , 3 , 181 ,
Tony Watson , 61 , 59 , 7 , 3.1 , 0.68 , 1.2 , 0.22 , 1 , 4 , 0 , 0 , 182 ,
Tyler Glasnow , 137 , 148 , 19 , 5.45 , 0.6 , 1.53 , 0.29 , 5 , 4 , 0 , 0 , 183 ,
Jeff Samardzija , 161 , 130 , 11 , 6.09 , 1.23 , 1.66 , 0.17 , 5 , 4 , 0 , 0 , 184 ,
Steve Cishek , 51 , 54 , 7 , 2.29 , 0.88 , 0.98 , 0.31 , 1 , 4 , 0 , 0 , 185 ,
David Hernandez , 59 , 59 , 7 , 3.2 , 0.7 , 1.08 , 0.22 , 1 , 4 , 0 , 0 , 186 ,
Jimmy Nelson , 115 , 102 , 22 , 4.46 , 0.86 , 1.5 , 0.2 , 4 , 4 , 0 , 0 , 186 ,
Wei-Yin Chen , 153 , 116 , 10 , 5.65 , 0.58 , 1.57 , 0.3 , 6 , 4 , 0 , 0 , 188 ,
Kevin McCarthy , 60 , 38 , 10 , 3.3 , 0.7 , 1.25 , 0.23 , 1 , 4 , 11 , 3 , 189 ,
Joe Jimenez , 65 , 73 , 9 , 4.57 , 0.8 , 1.31 , 0.25 , 1 , 4 , 10 , 3 , 190 ,
Adam Ottavino , 64 , 86 , 9 , 3.66 , 0.72 , 1.28 , 0.4 , 1 , 4 , 0 , 0 , 191 ,
Hector Rondon , 55 , 64 , 8 , 3.6 , 0.77 , 1.24 , 0.27 , 1 , 4 , 10 , 3 , 192 ,
Adam Conley , 65 , 57 , 7 , 4.57 , 1.11 , 1.26 , 0.23 , 1 , 4 , 9 , 3 , 193 ,
Matt Andriese , 89 , 84 , 9 , 4.75 , 1.21 , 1.34 , 0.22 , 2 , 4 , 0 , 0 , 194 ,
Andrew Suarez , 107 , 78 , 12 , 4.71 , 1.26 , 1.39 , 0.18 , 3 , 4 , 0 , 0 , 195 ,
Rich Hill , 150 , 175 , 13 , 8.34 , 1.32 , 2.79 , 0.25 , 3 , 4 , 0 , 0 , 196 ,
Eric Lauer , 130 , 105 , 10 , 4.92 , 1.18 , 1.67 , 0.23 , 5 , 4 , 0 , 0 , 197 ,
Trevor May , 64 , 87 , 25 , 5.06 , 1.97 , 1.31 , 0.25 , 1 , 4 , 9 , 3 , 198 ,
Matt Shoemaker , 110 , 87 , 11 , 4.83 , 0.63 , 1.47 , 0.2 , 3 , 4 , 0 , 0 , 199 ,
Will Harris , 60 , 68 , 8 , 3.6 , 0.73 , 1.2 , 0.24 , 1 , 4 , 0 , 0 , 200 ,
Ian Kennedy , 129 , 114 , 10 , 5.51 , 0.7 , 1.57 , 0.21 , 4 , 4 , 0 , 0 , 201 ,
Edwin Jackson , 79 , 60 , 8 , 4.22 , 0.69 , 1.34 , 0.23 , 1 , 4 , 0 , 0 , 202 ,
Chaz Roe , 51 , 50 , 7 , 3.71 , 1.06 , 1.06 , 0.26 , 0 , 4 , 8 , 2 , 203 ,
David Hess , 129 , 86 , 12 , 5.3 , 0.61 , 1.52 , 0.3 , 4 , 4 , 0 , 0 , 204 ,
Frankie Montas , 121 , 100 , 10 , 5.06 , 0.61 , 1.58 , 0.19 , 4 , 4 , 0 , 0 , 205 ,
Adam Cimber , 61 , 47 , 10 , 3.69 , 0.74 , 1.34 , 0.24 , 1 , 4 , 8 , 2 , 206 ,
Reyes Moronta , 50 , 56 , 7 , 2.7 , 0.7 , 1.14 , 0.56 , 1 , 4 , 0 , 0 , 207 ,
Yusmeiro Petit , 62 , 56 , 7 , 3.63 , 0.73 , 1.23 , 0.39 , 1 , 4 , 0 , 0 , 208 ,
Joakim Soria , 63 , 74 , 8 , 4.14 , 0.86 , 1.44 , 0.36 , 1 , 4 , 7 , 2 , 209 ,
Joe Ross , 125 , 100 , 10 , 5.26 , 0.62 , 1.62 , 0.24 , 4 , 4 , 0 , 0 , 210 ,
Kyle Crick , 52 , 51 , 7 , 2.6 , 0.67 , 1.19 , 0.37 , 1 , 4 , 0 , 0 , 211 ,
John Brebbia , 51 , 57 , 7 , 3.0 , 0.73 , 1.1 , 0.28 , 1 , 4 , 0 , 0 , 212 ,
Daniel Norris , 106 , 109 , 10 , 5.26 , 0.67 , 1.5 , 0.19 , 2 , 4 , 0 , 0 , 213 ,
Heath Fillmyer , 94 , 61 , 7 , 4.5 , 0.96 , 1.43 , 0.3 , 2 , 4 , 0 , 0 , 214 ,
Nick Kingham , 110 , 93 , 9 , 5.48 , 1.64 , 1.47 , 0.3 , 2 , 4 , 0 , 0 , 215 ,
Brandon Morrow , 55 , 74 , 9 , 3.11 , 1.31 , 1.31 , 0.44 , 1 , 4 , 0 , 0 , 216 ,
Tommy Hunter , 56 , 50 , 7 , 3.38 , 0.74 , 1.12 , 0.22 , 1 , 4 , 0 , 0 , 217 ,
Paul Fry , 61 , 54 , 7 , 3.84 , 1.03 , 1.39 , 0.4 , 1 , 4 , 7 , 2 , 218 ,
Pedro Baez , 53 , 56 , 7 , 3.06 , 0.85 , 1.21 , 0.24 , 1 , 4 , 0 , 0 , 219 ,
Joe Kelly , 64 , 65 , 8 , 3.94 , 0.74 , 1.31 , 0.28 , 1 , 4 , 0 , 0 , 220 ,
Scott Oberg , 57 , 56 , 7 , 3.47 , 0.74 , 1.21 , 0.26 , 1 , 4 , 0 , 0 , 221 ,
John Gant , 68 , 54 , 7 , 3.84 , 0.71 , 1.38 , 0.29 , 1 , 4 , 0 , 0 , 222 ,
Trevor Rosenthal , 62 , 83 , 9 , 4.21 , 0.78 , 1.53 , 0.42 , 1 , 4 , 6 , 2 , 223 ,
Michael Lorenzen , 62 , 50 , 7 , 3.48 , 0.71 , 1.29 , 0.3 , 1 , 4 , 0 , 0 , 224 ,
Chris Devenski , 50 , 56 , 7 , 3.24 , 0.9 , 1.04 , 0.25 , 0 , 4 , 0 , 0 , 225 ,
Jordan Hicks , 67 , 55 , 7 , 3.76 , 0.71 , 1.4 , 0.5 , 1 , 4 , 0 , 0 , 226 ,
Chris Stratton , 82 , 67 , 8 , 4.61 , 0.71 , 1.43 , 0.24 , 1 , 4 , 0 , 0 , 227 ,
Ryan Buchter , 48 , 51 , 7 , 2.81 , 0.73 , 1.1 , 0.33 , 0 , 4 , 0 , 0 , 228 ,
Drew Pomeranz , 92 , 86 , 12 , 4.99 , 1.17 , 1.54 , 0.26 , 2 , 4 , 0 , 0 , 229 ,
Dylan Covey , 115 , 81 , 14 , 6.03 , 0.69 , 1.56 , 0.19 , 2 , 4 , 0 , 0 , 230 ,
Yoshihisa Hirano , 63 , 51 , 7 , 3.86 , 1.43 , 1.62 , 0.26 , 1 , 4 , 19 , 4 , 231 ,
Addison Reed , 59 , 54 , 7 , 3.66 , 0.75 , 1.25 , 0.27 , 1 , 4 , 0 , 0 , 232 ,
Sam Gaviglio , 84 , 66 , 8 , 4.93 , 0.73 , 1.4 , 0.24 , 1 , 4 , 0 , 0 , 233 ,
Jesse Chavez , 74 , 70 , 8 , 5.11 , 0.79 , 1.66 , 0.28 , 1 , 4 , 6 , 2 , 234 ,
Tyson Ross , 93 , 74 , 8 , 5.32 , 1.06 , 1.47 , 0.28 , 1 , 4 , 0 , 0 , 235 ,
Edinson Volquez , 121 , 116 , 10 , 8.7 , 1.56 , 2.85 , 0.48 , 2 , 4 , 0 , 0 , 236 ,
Richard Bleier , 63 , 25 , 30 , 2.71 , 2.43 , 1.43 , 0.28 , 2 , 4 , 0 , 0 , 237 ,
Ervin Santana , 123 , 112 , 12 , 11.85 , 0.93 , 4.15 , 0.46 , 2 , 4 , 0 , 0 , 238 ,
Clayton Richard , 122 , 88 , 18 , 6.86 , 0.71 , 2.02 , 0.26 , 2 , 4 , 0 , 0 , 239 ,
Andrew Chafin , 56 , 63 , 7 , 3.38 , 0.96 , 1.34 , 0.34 , 1 , 4 , 0 , 0 , 240 ,
Dylan Floro , 53 , 43 , 6 , 2.55 , 1.53 , 1.34 , 0.35 , 1 , 4 , 0 , 0 , 241 ,
Doug Fister , 76 , 54 , 7 , 4.62 , 0.74 , 1.38 , 0.22 , 1 , 4 , 0 , 0 , 242 ,
Roenis Elias , 59 , 37 , 6 , 3.05 , 1.37 , 1.34 , 0.34 , 1 , 4 , 0 , 0 , 243 ,
CC Sabathia , 121 , 106 , 10 , 9.52 , 0.84 , 3.31 , 0.27 , 2 , 4 , 0 , 0 , 244 ,
Taijuan Walker , 70 , 57 , 7 , 4.24 , 0.74 , 1.47 , 0.24 , 1 , 4 , 0 , 0 , 245 ,
Kyle Barraclough , 56 , 66 , 8 , 3.7 , 0.77 , 1.3 , 0.47 , 1 , 4 , 0 , 0 , 246 ,
Caleb Ferguson , 52 , 57 , 10 , 3.63 , 1.04 , 1.19 , 0.27 , 0 , 4 , 0 , 0 , 247 ,
Marco Estrada , 111 , 92 , 9 , 6.97 , 0.97 , 1.89 , 0.24 , 2 , 4 , 0 , 0 , 248 ,
Jace Fry , 54 , 68 , 8 , 4.33 , 2.17 , 1.19 , 0.24 , 0 , 4 , 0 , 0 , 249 ,
Ryne Stanek , 46 , 51 , 7 , 3.13 , 0.78 , 1.15 , 0.26 , 0 , 4 , 0 , 0 , 250 ,
Shelby Miller , 110 , 78 , 11 , 6.38 , 1.64 , 1.7 , 0.33 , 2 , 4 , 0 , 0 , 251 ,
Jason Vargas , 113 , 95 , 9 , 9.08 , 1.19 , 2.5 , 0.31 , 1 , 4 , 0 , 0 , 252 ,
Bud Norris , 57 , 64 , 8 , 3.95 , 0.79 , 1.3 , 0.25 , 1 , 4 , 0 , 0 , 253 ,
Francisco Liriano , 81 , 70 , 8 , 5.0 , 0.75 , 1.53 , 0.24 , 1 , 4 , 0 , 0 , 254 ,
Adam Wainwright , 110 , 100 , 10 , 9.57 , 0.88 , 2.97 , 0.34 , 2 , 4 , 0 , 0 , 255 ,
Martin Perez , 106 , 66 , 14 , 5.69 , 1.1 , 1.66 , 0.2 , 2 , 4 , 0 , 0 , 256 ,
Brett Anderson , 89 , 56 , 7 , 5.36 , 1.11 , 1.47 , 0.4 , 1 , 4 , 0 , 0 , 257 ,
Heath Hembree , 58 , 67 , 9 , 3.88 , 0.78 , 1.34 , 0.25 , 1 , 4 , 0 , 0 , 258 ,
Jason Hammel , 85 , 64 , 8 , 5.4 , 0.85 , 1.48 , 0.23 , 1 , 4 , 0 , 0 , 259 ,
Danny Salazar , 66 , 75 , 19 , 4.64 , 0.8 , 1.48 , 0.25 , 1 , 4 , 0 , 0 , 260 ,
Matt Moore , 91 , 77 , 8 , 6.03 , 0.77 , 1.58 , 0.21 , 1 , 4 , 0 , 0 , 261 ,
Thomas Pannone , 64 , 39 , 6 , 4.36 , 0.78 , 1.3 , 0.39 , 1 , 4 , 0 , 0 , 262 ,
Miguel Gonzalez , 90 , 51 , 7 , 5.0 , 0.71 , 1.57 , 0.21 , 1 , 4 , 0 , 0 , 263 ,
Tyler Mahle , 85 , 79 , 17 , 5.51 , 0.76 , 1.73 , 0.25 , 1 , 4 , 0 , 0 , 264 ,
Cam Bedrosian , 53 , 55 , 7 , 3.74 , 0.8 , 1.28 , 0.25 , 0 , 4 , 0 , 0 , 265 ,
Jonathan Holder , 48 , 45 , 6 , 3.38 , 0.8 , 1.19 , 0.34 , 0 , 4 , 0 , 0 , 266 ,
Scott Alexander , 50 , 43 , 6 , 3.24 , 0.76 , 1.26 , 0.31 , 0 , 4 , 0 , 0 , 267 ,
Erick Fedde , 88 , 72 , 8 , 5.93 , 0.78 , 1.64 , 0.29 , 1 , 4 , 0 , 0 , 268 ,
Robert Gsellman , 61 , 50 , 7 , 4.28 , 0.79 , 1.33 , 0.24 , 1 , 4 , 0 , 0 , 269 ,
Dinelson Lamet , 73 , 72 , 8 , 5.42 , 0.86 , 1.51 , 0.36 , 1 , 4 , 0 , 0 , 270 ,
Framber Valdez , 47 , 39 , 6 , 2.49 , 1.53 , 1.34 , 0.7 , 1 , 4 , 0 , 0 , 272 ,
Eric Skoglund , 67 , 43 , 6 , 5.24 , 2.28 , 1.31 , 0.26 , 1 , 4 , 0 , 0 , 272 ,
Trevor Hildenberger , 54 , 53 , 7 , 4.33 , 1.33 , 1.22 , 0.24 , 0 , 4 , 0 , 0 , 272 ,
Sam Dyson , 59 , 44 , 6 , 3.97 , 1.22 , 1.32 , 0.25 , 1 , 4 , 0 , 0 , 274 ,
Jalen Beeks , 86 , 65 , 8 , 5.97 , 0.79 , 1.64 , 0.25 , 1 , 4 , 0 , 0 , 275 ,
James Shields , 92 , 73 , 8 , 10.08 , 0.99 , 2.85 , 0.3 , 1 , 4 , 0 , 0 , 276 ,
Hector Neris , 44 , 62 , 7 , 3.89 , 1.43 , 1.2 , 0.38 , 0 , 4 , 0 , 0 , 277 ,
Josh Fields , 38 , 36 , 6 , 2.84 , 0.95 , 1.08 , 0.32 , 0 , 4 , 0 , 0 , 278 ,
Justin Miller , 52 , 54 , 7 , 4.15 , 1.04 , 1.27 , 0.3 , 0 , 4 , 0 , 0 , 278 ,
Hunter Strickland , 42 , 36 , 6 , 3.43 , 1.29 , 1.36 , 0.31 , 0 , 4 , 18 , 4 , 280 ,
Jorge Lopez , 83 , 55 , 8 , 5.53 , 0.77 , 1.61 , 0.33 , 1 , 4 , 0 , 0 , 281 ,
Bartolo Colon , 76 , 45 , 6 , 5.57 , 1.07 , 1.41 , 0.37 , 1 , 4 , 0 , 0 , 282 ,
Matt Grace , 49 , 35 , 5 , 3.49 , 1.1 , 1.22 , 0.27 , 0 , 4 , 0 , 0 , 283 ,
Cory Gearrin , 46 , 43 , 6 , 3.33 , 0.81 , 1.26 , 0.27 , 0 , 4 , 0 , 0 , 284 ,
Fernando Romero , 73 , 55 , 7 , 5.3 , 0.81 , 1.55 , 0.23 , 1 , 4 , 0 , 0 , 285 ,
Amir Garrett , 62 , 64 , 8 , 5.23 , 1.45 , 1.39 , 0.28 , 1 , 4 , 0 , 0 , 286 ,
Tommy Kahnle , 39 , 49 , 7 , 3.0 , 0.83 , 1.26 , 0.55 , 0 , 4 , 0 , 0 , 287 ,
Yovani Gallardo , 79 , 54 , 12 , 6.04 , 0.83 , 1.59 , 0.23 , 1 , 4 , 0 , 0 , 288 ,
Hansel Robles , 51 , 55 , 7 , 4.06 , 0.85 , 1.33 , 0.27 , 0 , 4 , 0 , 0 , 289 ,
Dominic Leone , 40 , 37 , 6 , 2.92 , 0.81 , 1.23 , 0.28 , 0 , 4 , 0 , 0 , 290 ,
Emilio Pagan , 40 , 42 , 6 , 3.82 , 0.93 , 1.08 , 0.33 , 0 , 4 , 0 , 0 , 291 ,
Mark Melancon , 61 , 47 , 8 , 3.84 , 2.66 , 1.67 , 0.42 , 1 , 4 , 0 , 0 , 292 ,
Jarlin Garcia , 59 , 41 , 7 , 4.73 , 0.85 , 1.31 , 0.37 , 1 , 4 , 0 , 0 , 293 ,
Carson Fulmer , 78 , 62 , 16 , 8.54 , 1.27 , 2.04 , 0.71 , 1 , 4 , 0 , 0 , 293 ,
Steven Wright , 60 , 45 , 7 , 3.75 , 0.75 , 1.67 , 0.27 , 1 , 4 , 0 , 0 , 295 ,
Josh Tomlin , 76 , 53 , 7 , 6.39 , 0.95 , 1.62 , 0.62 , 1 , 4 , 0 , 0 , 296 ,
Dan Winkler , 45 , 47 , 6 , 3.8 , 0.87 , 1.27 , 0.36 , 0 , 4 , 0 , 0 , 297 ,
Felix Pena , 54 , 53 , 7 , 4.5 , 0.87 , 1.35 , 0.26 , 0 , 4 , 0 , 0 , 298 ,
Hector Velazquez , 61 , 34 , 5 , 3.84 , 2.95 , 1.56 , 0.31 , 1 , 4 , 0 , 0 , 299 ,
Tim Mayza , 51 , 53 , 7 , 3.71 , 0.88 , 1.43 , 0.27 , 0 , 4 , 0 , 0 , 300 ,
Juan Minaya , 48 , 58 , 7 , 3.75 , 0.84 , 1.4 , 0.38 , 0 , 4 , 0 , 0 , 301 ,
Brad Brach , 44 , 44 , 6 , 3.27 , 1.02 , 1.34 , 0.32 , 0 , 4 , 0 , 0 , 302 ,
Adam Warren , 33 , 31 , 5 , 3.0 , 0.9 , 1.15 , 0.3 , 0 , 4 , 0 , 0 , 303 ,
Seung Hwan Oh , 64 , 70 , 8 , 5.06 , 0.84 , 1.88 , 0.28 , 1 , 4 , 0 , 0 , 304 ,
Nate Jones , 59 , 53 , 7 , 4.12 , 0.79 , 1.61 , 0.29 , 1 , 4 , 0 , 0 , 305 ,
Sergio Romo , 38 , 42 , 6 , 3.79 , 0.95 , 1.16 , 0.29 , 0 , 4 , 0 , 0 , 306 ,
Adalberto Mejia , 72 , 52 , 7 , 5.62 , 0.88 , 1.9 , 0.33 , 1 , 4 , 0 , 0 , 307 ,
Miguel Castro , 54 , 35 , 11 , 4.0 , 1.17 , 1.37 , 0.41 , 0 , 4 , 0 , 0 , 308 ,
Justin Anderson , 55 , 61 , 7 , 4.25 , 0.83 , 1.55 , 0.66 , 0 , 4 , 0 , 0 , 309 ,
Robert Stock , 42 , 38 , 6 , 3.0 , 2.36 , 1.36 , 0.38 , 0 , 4 , 0 , 0 , 310 ,
Jose Alvarez , 36 , 33 , 5 , 3.25 , 0.9 , 1.22 , 0.3 , 0 , 4 , 0 , 0 , 311 ,
Justin Wilson , 41 , 52 , 7 , 3.51 , 0.88 , 1.37 , 0.45 , 0 , 4 , 0 , 0 , 312 ,
Brandon Workman , 32 , 29 , 5 , 3.09 , 0.93 , 1.19 , 0.32 , 0 , 4 , 0 , 0 , 313 ,
James Pazos , 38 , 39 , 6 , 3.32 , 1.18 , 1.29 , 0.3 , 0 , 4 , 0 , 0 , 314 ,
Tyler Clippard , 34 , 41 , 6 , 3.71 , 0.99 , 1.18 , 0.33 , 0 , 4 , 0 , 0 , 315 ,
Ty Blach , 60 , 34 , 5 , 4.5 , 1.05 , 1.43 , 0.3 , 1 , 4 , 0 , 0 , 316 ,
Jesse Biddle , 44 , 44 , 6 , 3.48 , 1.23 , 1.39 , 0.29 , 0 , 4 , 0 , 0 , 317 ,
Nick Tropeano , 59 , 47 , 6 , 4.88 , 0.86 , 1.44 , 0.36 , 1 , 4 , 0 , 0 , 318 ,
Shawn Kelley , 38 , 39 , 6 , 3.79 , 0.95 , 1.24 , 0.38 , 0 , 4 , 0 , 0 , 319 ,
Pablo Lopez , 53 , 38 , 6 , 4.42 , 0.87 , 1.38 , 0.26 , 0 , 4 , 0 , 0 , 319 ,
Dan Otero , 49 , 34 , 5 , 4.41 , 0.9 , 1.29 , 0.48 , 0 , 4 , 0 , 0 , 321 ,
Tim Hill , 55 , 47 , 6 , 4.75 , 0.88 , 1.44 , 0.27 , 0 , 4 , 0 , 0 , 322 ,
Buck Farmer , 59 , 53 , 7 , 5.03 , 0.88 , 1.53 , 0.27 , 1 , 4 , 0 , 0 , 323 ,
Alex Claudio , 47 , 30 , 5 , 3.83 , 1.15 , 1.34 , 0.47 , 0 , 4 , 0 , 0 , 324 ,
Wily Peralta , 62 , 45 , 13 , 7.98 , 1.08 , 1.97 , 0.29 , 0 , 4 , 18 , 4 , 325 ,
Adam Morgan , 45 , 47 , 6 , 4.2 , 0.92 , 1.38 , 0.28 , 0 , 4 , 0 , 0 , 326 ,
Cody Reed , 56 , 49 , 7 , 4.82 , 0.88 , 1.52 , 0.27 , 1 , 4 , 0 , 0 , 327 ,
Victor Arano , 28 , 27 , 5 , 2.89 , 0.96 , 1.25 , 0.34 , 0 , 4 , 0 , 0 , 328 ,
Neil Ramirez , 51 , 65 , 12 , 5.29 , 1.41 , 1.45 , 0.32 , 0 , 4 , 0 , 0 , 329 ,
Bryan Shaw , 53 , 53 , 7 , 4.75 , 0.9 , 1.51 , 0.29 , 0 , 4 , 0 , 0 , 330 ,
Hector Santiago , 54 , 48 , 6 , 4.83 , 0.9 , 1.48 , 0.27 , 0 , 4 , 0 , 0 , 331 ,
Nick Goody , 28 , 30 , 5 , 3.21 , 1.02 , 1.25 , 0.35 , 0 , 4 , 0 , 0 , 332 ,
Tony Sipp , 30 , 31 , 5 , 3.6 , 1.04 , 1.2 , 0.32 , 0 , 4 , 0 , 0 , 333 ,
Sam Freeman , 34 , 37 , 6 , 3.44 , 0.95 , 1.32 , 0.44 , 0 , 4 , 0 , 0 , 334 ,
Tayron Guerrero , 59 , 63 , 7 , 5.95 , 0.95 , 1.76 , 0.28 , 1 , 4 , 0 , 0 , 335 ,
Domingo German , 53 , 58 , 7 , 5.77 , 2.38 , 1.45 , 0.29 , 0 , 4 , 0 , 0 , 336 ,
Jake Barrett , 30 , 28 , 5 , 3.3 , 0.99 , 1.27 , 0.34 , 0 , 4 , 0 , 0 , 337 ,
T.J. McFarland , 37 , 22 , 6 , 3.41 , 1.22 , 1.3 , 0.33 , 0 , 4 , 0 , 0 , 338 ,
Daniel Stumpf , 50 , 46 , 6 , 4.5 , 0.9 , 1.46 , 0.31 , 0 , 4 , 0 , 0 , 339 ,
Greg Holland , 49 , 54 , 7 , 4.59 , 0.92 , 1.51 , 0.44 , 0 , 4 , 0 , 0 , 340 ,
Chris Martin , 52 , 42 , 6 , 5.02 , 0.93 , 1.4 , 0.52 , 0 , 4 , 0 , 0 , 341 ,
Nick Vincent , 29 , 27 , 5 , 3.72 , 1.08 , 1.17 , 0.32 , 0 , 4 , 0 , 0 , 342 ,
Jorge De La Rosa , 40 , 34 , 5 , 3.82 , 0.93 , 1.35 , 0.3 , 0 , 4 , 0 , 0 , 343 ,
Pat Neshek , 56 , 178 , 13 , 14.46 , 5.46 , 6.14 , 1.43 , 0 , 4 , 0 , 0 , 344 ,
Juan Nicasio , 39 , 44 , 6 , 4.62 , 1.03 , 1.26 , 0.54 , 0 , 4 , 0 , 0 , 345 ,
Alex Wilson , 31 , 22 , 4 , 3.77 , 1.05 , 1.19 , 0.31 , 0 , 4 , 0 , 0 , 346 ,
Luke Gregerson , 45 , 46 , 6 , 4.6 , 0.96 , 1.4 , 0.34 , 0 , 4 , 0 , 0 , 347 ,
Danny Barnes , 49 , 47 , 7 , 4.78 , 0.94 , 1.45 , 0.28 , 0 , 4 , 0 , 0 , 348 ,
Jake McGee , 47 , 44 , 6 , 5.17 , 1.34 , 1.34 , 0.27 , 0 , 4 , 0 , 0 , 349 ,
Phil Maton , 43 , 49 , 7 , 4.4 , 0.96 , 1.44 , 0.3 , 0 , 4 , 0 , 0 , 350 ,
Jacob Barnes , 35 , 36 , 6 , 3.6 , 0.96 , 1.37 , 0.38 , 0 , 4 , 0 , 0 , 351 ,
Junior Guerra , 53 , 50 , 7 , 4.92 , 0.91 , 1.62 , 0.32 , 0 , 4 , 0 , 0 , 351 ,
Ryan Madson , 29 , 29 , 5 , 4.03 , 1.12 , 1.17 , 0.32 , 0 , 4 , 0 , 0 , 353 ,
Nathan Karns , 48 , 46 , 6 , 4.88 , 0.96 , 1.44 , 0.34 , 0 , 4 , 0 , 0 , 354 ,
Jerry Blevins , 25 , 29 , 5 , 3.6 , 1.14 , 1.24 , 0.36 , 0 , 4 , 0 , 0 , 355 ,
Chasen Bradford , 42 , 28 , 5 , 4.07 , 0.93 , 1.38 , 0.3 , 0 , 4 , 0 , 0 , 356 ,
Nick Wittgren , 50 , 42 , 6 , 4.68 , 0.92 , 1.52 , 0.28 , 0 , 4 , 0 , 0 , 357 ,
Joe Smith , 29 , 31 , 5 , 4.03 , 1.12 , 1.21 , 0.33 , 0 , 4 , 0 , 0 , 358 ,
Chasen Shreve , 32 , 39 , 6 , 3.66 , 1.01 , 1.38 , 0.46 , 0 , 4 , 0 , 0 , 359 ,
Shane Carle , 30 , 20 , 8 , 3.3 , 0.99 , 1.33 , 0.39 , 0 , 4 , 0 , 0 , 359 ,
Jordan Lyles , 51 , 44 , 6 , 5.47 , 0.98 , 1.45 , 0.27 , 0 , 4 , 0 , 0 , 361 ,
Mike Dunn , 47 , 45 , 6 , 4.6 , 0.94 , 1.51 , 0.32 , 0 , 4 , 0 , 0 , 362 ,
Blaine Hardy , 42 , 33 , 5 , 4.29 , 0.96 , 1.38 , 0.29 , 0 , 4 , 0 , 0 , 363 ,
Robert Stephenson , 56 , 48 , 6 , 5.62 , 0.95 , 1.8 , 0.31 , 1 , 4 , 0 , 0 , 364 ,
Chris Rusin , 40 , 33 , 5 , 4.5 , 1.01 , 1.32 , 0.29 , 0 , 4 , 0 , 0 , 365 ,
David Phelps , 37 , 38 , 6 , 3.65 , 0.94 , 1.49 , 0.32 , 0 , 4 , 0 , 0 , 366 ,
Randall Delgado , 43 , 35 , 5 , 4.4 , 0.96 , 1.44 , 0.3 , 0 , 4 , 0 , 0 , 367 ,
Wilmer Font , 55 , 41 , 6 , 6.22 , 1.15 , 1.55 , 0.42 , 0 , 4 , 0 , 0 , 368 ,
Joe Biagini , 50 , 38 , 6 , 5.22 , 0.97 , 1.48 , 0.28 , 0 , 4 , 0 , 0 , 369 ,
Chad Bettis , 48 , 33 , 5 , 5.06 , 0.97 , 1.4 , 0.3 , 0 , 4 , 0 , 0 , 370 ,
Matt Magill , 41 , 37 , 6 , 4.17 , 0.96 , 1.51 , 0.34 , 0 , 4 , 0 , 0 , 371 ,
Brian Flynn , 46 , 28 , 5 , 4.11 , 1.37 , 1.59 , 0.43 , 0 , 4 , 0 , 0 , 372 ,
Bryan Mitchell , 56 , 30 , 6 , 5.46 , 0.94 , 1.68 , 0.49 , 1 , 4 , 0 , 0 , 373 ,
Andrew Triggs , 36 , 35 , 5 , 4.5 , 1.25 , 1.31 , 0.31 , 0 , 4 , 0 , 0 , 373 ,
Drew VerHagen , 37 , 32 , 5 , 4.86 , 1.09 , 1.24 , 0.37 , 0 , 4 , 0 , 0 , 375 ,
Luis Garcia , 40 , 40 , 6 , 4.72 , 1.03 , 1.38 , 0.35 , 0 , 4 , 0 , 0 , 376 ,
Jake Faria , 39 , 33 , 5 , 4.62 , 1.03 , 1.33 , 0.3 , 0 , 4 , 0 , 0 , 377 ,
Sal Romano , 45 , 34 , 5 , 5.0 , 1.0 , 1.42 , 0.29 , 0 , 4 , 0 , 0 , 378 ,
Jim Johnson , 32 , 28 , 5 , 4.22 , 1.09 , 1.34 , 0.33 , 0 , 4 , 0 , 0 , 379 ,
Taylor Williams , 41 , 41 , 6 , 4.61 , 1.01 , 1.54 , 0.33 , 0 , 4 , 0 , 0 , 380 ,
Tyler Chatwood , 46 , 37 , 6 , 4.89 , 0.98 , 1.59 , 0.65 , 0 , 4 , 0 , 0 , 381 ,
Luis Cessa , 43 , 36 , 6 , 5.02 , 1.03 , 1.42 , 0.29 , 0 , 4 , 0 , 0 , 382 ,
Tanner Scott , 48 , 61 , 22 , 6.0 , 1.06 , 1.67 , 0.3 , 0 , 4 , 0 , 0 , 383 ,
Steven Brault , 44 , 35 , 5 , 4.7 , 0.98 , 1.57 , 0.42 , 0 , 4 , 0 , 0 , 384 ,
Mike Wright , 51 , 40 , 6 , 5.82 , 1.01 , 1.69 , 0.32 , 0 , 4 , 0 , 0 , 385 ,
Darren O'Day , 52 , 79 , 8 , 28.21 , 2.6 , 9.12 , 0.7 , 0 , 4 , 0 , 0 , 386 ,
Jake Diekman , 43 , 48 , 6 , 5.02 , 1.05 , 1.56 , 0.35 , 0 , 4 , 0 , 0 , 387 ,
Gabriel Moya , 45 , 35 , 5 , 5.2 , 1.02 , 1.49 , 0.36 , 0 , 4 , 0 , 0 , 388 ,
Austin Pruitt , 40 , 27 , 5 , 4.95 , 1.06 , 1.35 , 0.31 , 0 , 4 , 0 , 0 , 389 ,
Michael Feliz , 40 , 50 , 9 , 5.4 , 1.1 , 1.45 , 0.31 , 0 , 4 , 0 , 0 , 390 ,
Tony Cingrani , 37 , 36 , 6 , 4.62 , 1.06 , 1.46 , 0.34 , 0 , 4 , 0 , 0 , 391 ,
Matt Albers , 54 , 50 , 8 , 9.0 , 1.22 , 2.37 , 0.43 , 0 , 4 , 0 , 0 , 392 ,
Brad Boxberger , 36 , 43 , 10 , 4.75 , 1.09 , 1.47 , 0.45 , 0 , 4 , 0 , 0 , 393 ,
Ryan Dull , 30 , 28 , 5 , 4.8 , 1.2 , 1.3 , 0.34 , 0 , 4 , 0 , 0 , 393 ,
Noe Ramirez , 35 , 37 , 6 , 4.89 , 1.12 , 1.4 , 0.34 , 0 , 4 , 0 , 0 , 395 ,
Liam Hendriks , 31 , 32 , 5 , 4.65 , 1.16 , 1.39 , 0.34 , 0 , 4 , 0 , 0 , 396 ,
Glenn Sparkman , 44 , 28 , 6 , 4.91 , 1.0 , 1.73 , 0.39 , 0 , 4 , 0 , 0 , 397 ,
Brandon Kintzler , 41 , 27 , 5 , 4.83 , 1.03 , 1.56 , 0.33 , 0 , 4 , 0 , 0 , 398 ,
JC Ramirez , 34 , 21 , 4 , 4.5 , 1.09 , 1.44 , 0.33 , 0 , 4 , 0 , 0 , 399 ,
Jimmy Yacabonis , 46 , 34 , 5 , 5.67 , 1.05 , 1.59 , 0.31 , 0 , 4 , 0 , 0 , 400 ,
Yefry Ramirez , 46 , 39 , 11 , 6.26 , 1.11 , 1.61 , 0.33 , 0 , 4 , 0 , 0 , 401 ,
Hunter Wood , 25 , 24 , 4 , 3.96 , 1.19 , 1.52 , 0.42 , 0 , 4 , 0 , 0 , 402 ,
Peter Moylan , 37 , 88 , 14 , 23.35 , 2.38 , 7.92 , 0.97 , 0 , 4 , 0 , 0 , 403 ,
Zach McAllister , 25 , 24 , 4 , 4.68 , 1.3 , 1.36 , 0.37 , 0 , 4 , 0 , 0 , 404 ,
Wandy Peralta , 39 , 30 , 5 , 4.85 , 1.38 , 1.64 , 0.42 , 0 , 4 , 0 , 0 , 405 ,
Jacob Nix , 51 , 24 , 8 , 7.24 , 2.82 , 1.67 , 0.29 , 0 , 4 , 0 , 0 , 406 ,
Paul Blackburn , 31 , 11 , 10 , 4.35 , 2.61 , 1.55 , 0.39 , 0 , 4 , 0 , 0 , 407 ,
Brett Cecil , 41 , 33 , 5 , 5.49 , 1.1 , 1.61 , 0.33 , 0 , 4 , 0 , 0 , 408 ,
Brian Johnson , 28 , 23 , 4 , 4.5 , 1.2 , 1.5 , 0.38 , 0 , 4 , 0 , 0 , 409 ,
Austin Gomber , 33 , 27 , 5 , 4.64 , 1.12 , 1.61 , 0.36 , 0 , 4 , 0 , 0 , 410 ,
Matt Wisler , 34 , 26 , 5 , 5.56 , 1.21 , 1.41 , 0.39 , 0 , 4 , 0 , 0 , 411 ,
Sammy Solis , 37 , 39 , 6 , 6.08 , 1.22 , 1.57 , 0.33 , 0 , 4 , 0 , 0 , 412 ,
Elieser Hernandez , 40 , 26 , 5 , 5.62 , 1.12 , 1.6 , 0.33 , 0 , 4 , 0 , 0 , 413 ,
Fernando Rodney , 40 , 46 , 6 , 23.18 , 2.28 , 8.52 , 0.75 , 0 , 4 , 0 , 0 , 414 ,
Ariel Jurado , 41 , 17 , 12 , 6.15 , 1.16 , 1.63 , 0.31 , 0 , 4 , 0 , 0 , 415 ,
Harrison Musgrave , 26 , 17 , 4 , 5.19 , 1.34 , 1.46 , 0.49 , 0 , 4 , 0 , 0 , 416 ,
Adam Plutko , 31 , 22 , 4 , 5.81 , 1.3 , 1.48 , 0.55 , 0 , 4 , 0 , 0 , 417 ,
Ben Lively , 27 , 14 , 6 , 5.0 , 1.29 , 1.56 , 0.38 , 0 , 4 , 0 , 0 , 418 ,
Jharel Cotton , 39 , 25 , 5 , 6.46 , 1.22 , 1.74 , 0.35 , 0 , 4 , 0 , 0 , 419 ,
Junichi Tazawa , 29 , 20 , 4 , 5.9 , 1.35 , 1.55 , 0.38 , 0 , 4 , 0 , 0 , 420 ,
Oliver Perez , 36 , 33 , 5 , 9.0 , 1.5 , 2.56 , 0.44 , 0 , 4 , 0 , 0 , 421 ,
Brian Duensing , 32 , 25 , 5 , 8.44 , 1.54 , 2.38 , 0.56 , 0 , 4 , 0 , 0 , 422 ,
Luis Perdomo , 26 , 20 , 4 , 5.88 , 1.43 , 1.69 , 0.42 , 0 , 4 , 0 , 0 , 423 ,
Jeff Hoffman , 26 , 17 , 4 , 6.58 , 1.51 , 1.73 , 0.42 , 0 , 4 , 0 , 0 , 424 ,
Brandon Maurer , 25 , 24 , 6 , 6.84 , 1.57 , 1.8 , 0.49 , 0 , 4 , 0 , 0 , 425 ,
Tony Barnette , 27 , 28 , 7 , 9.33 , 1.76 , 2.81 , 0.51 , 0 , 4 , 0 , 0 , 426 ,
Miguel Diaz , 25 , 16 , 4 , 8.28 , 3.24 , 1.92 , 0.52 , 0 , 4 , 0 , 0 , 427 ,
