Name,Value Cluster 2016,Value Cluster 2017,Value Cluster 2018,Value Cluster 2019
DJ LeMahieu,4.0,4.0,4.0,5.0
Daniel Murphy,5.0,5.0,4.0,5.0
Trea Turner,4.0,4.0,4.0,4.0
Jose Altuve,4.0,4.0,4.0,5.0
Joey Votto,3.0,3.0,1.0,1.0
Jose Peraza,4.0,4.0,4.0,2.0
Charlie Blackmon,4.0,5.0,4.0,5.0
Jean Segura,4.0,4.0,4.0,4.0
Mookie Betts,5.0,5.0,3.0,3.0
Dustin Pedroia,4.0,5.0,0.0,0.0
Miguel Cabrera,5.0,1.0,5.0,2.0
David Dahl,4.0,0.0,5.0,5.0
Cameron Maybin,4.0,1.0,2.0,5.0
Mike Trout,3.0,3.0,3.0,3.0
David Ortiz,3.0,0.0,0.0,0.0
Jose Ramirez,4.0,4.0,3.0,5.0
Starling Marte,4.0,4.0,4.0,5.0
Sandy Leon,4.0,5.0,2.0,2.0
Corey Seager,4.0,5.0,0.0,5.0
Yadier Molina,4.0,5.0,5.0,5.0
Wilson Ramos,5.0,5.0,5.0,5.0
J.D. Martinez,5.0,3.0,3.0,5.0
Ryan Braun,5.0,5.0,5.0,5.0
Martin Prado,4.0,0.0,2.0,2.0
Ryon Healy,5.0,5.0,5.0,5.0
Yunel Escobar,4.0,4.0,0.0,0.0
J.T. Realmuto,4.0,4.0,5.0,5.0
Elvis Andrus,4.0,4.0,4.0,4.0
Freddie Freeman,3.0,3.0,5.0,3.0
Paulo Orlando,4.0,0.0,0.0,0.0
Hyun Soo Kim,4.0,2.0,0.0,0.0
Adam Frazier,4.0,4.0,4.0,4.0
Francisco Lindor,4.0,5.0,3.0,5.0
Adrian Beltre,5.0,5.0,5.0,0.0
Devon Travis,4.0,4.0,2.0,0.0
Aledmys Diaz,5.0,2.0,5.0,3.0
Gary Sanchez,3.0,3.0,3.0,3.0
Carlos Gonzalez,5.0,5.0,5.0,1.0
Robinson Cano,5.0,5.0,5.0,2.0
Christian Yelich,5.0,4.0,5.0,3.0
Paul Goldschmidt,3.0,3.0,3.0,3.0
Melky Cabrera,4.0,4.0,5.0,4.0
Tyler Naquin,5.0,0.0,4.0,4.0
Carlos Beltran,5.0,2.0,0.0,0.0
Nolan Arenado,3.0,5.0,3.0,5.0
Xander Bogaerts,4.0,4.0,5.0,5.0
Cesar Hernandez,4.0,4.0,1.0,4.0
Manny Machado,5.0,5.0,5.0,5.0
Jose Abreu,5.0,5.0,5.0,5.0
Kris Bryant,3.0,3.0,1.0,3.0
Jonathan Lucroy,5.0,2.0,2.0,2.0
Anthony Rizzo,3.0,3.0,3.0,3.0
Ender Inciarte,4.0,4.0,4.0,1.0
Jon Jay,4.0,4.0,4.0,2.0
Brandon Phillips,4.0,4.0,0.0,0.0
Ichiro Suzuki,4.0,2.0,0.0,0.0
Victor Martinez,5.0,2.0,2.0,0.0
Hunter Pence,5.0,5.0,2.0,5.0
Ian Kinsler,5.0,1.0,2.0,2.0
Steve Pearce,5.0,2.0,3.0,0.0
Buster Posey,5.0,4.0,4.0,2.0
Eduardo Nunez,4.0,4.0,4.0,2.0
Lorenzo Cain,4.0,4.0,4.0,4.0
Nelson Cruz,3.0,3.0,3.0,3.0
Danny Valencia,4.0,5.0,2.0,0.0
Odubel Herrera,4.0,4.0,5.0,0.0
Yangervis Solarte,5.0,5.0,2.0,0.0
Hanley Ramirez,5.0,1.0,5.0,0.0
Lonnie Chisenhall,4.0,5.0,0.0,0.0
Jonathan Villar,4.0,2.0,4.0,4.0
Adrian Gonzalez,5.0,2.0,5.0,0.0
Ian Desmond,4.0,4.0,5.0,5.0
Nicholas Castellanos,5.0,5.0,5.0,4.0
Adam Eaton,4.0,0.0,4.0,4.0
Josh Donaldson,3.0,3.0,1.0,3.0
Billy Butler,4.0,0.0,0.0,0.0
Chris Herrmann,5.0,1.0,0.0,0.0
Josh Harrison,4.0,4.0,2.0,0.0
Nori Aoki,4.0,4.0,0.0,0.0
Whit Merrifield,4.0,4.0,4.0,4.0
Tim Anderson,4.0,4.0,2.0,4.0
Mark Reynolds,5.0,3.0,3.0,1.0
Brandon Drury,4.0,5.0,0.0,2.0
Tyler Saladino,4.0,2.0,0.0,0.0
Willson Contreras,5.0,5.0,1.0,3.0
Jorge Polanco,4.0,5.0,4.0,4.0
Neil Walker,5.0,1.0,1.0,2.0
Josh Reddick,4.0,5.0,1.0,4.0
Andrelton Simmons,4.0,4.0,4.0,4.0
Asdrubal Cabrera,5.0,4.0,5.0,3.0
Robbie Grossman,1.0,1.0,1.0,1.0
Yoenis Cespedes,3.0,5.0,5.0,0.0
Derek Dietrich,1.0,1.0,4.0,3.0
Kyle Seager,5.0,5.0,2.0,3.0
C.J. Cron,5.0,5.0,5.0,5.0
Jarrod Dyson,4.0,4.0,1.0,4.0
Phil Gosselin,4.0,0.0,0.0,0.0
Chris Owings,4.0,5.0,2.0,2.0
Angel Pagan,4.0,0.0,0.0,0.0
Dexter Fowler,1.0,3.0,1.0,1.0
Chris Young,5.0,1.0,0.0,0.0
Didi Gregorius,4.0,5.0,3.0,5.0
Greg Garcia,1.0,1.0,1.0,1.0
Jason Kipnis,5.0,2.0,1.0,5.0
Justin Turner,5.0,5.0,5.0,5.0
Brandon Belt,1.0,1.0,1.0,1.0
Brandon Crawford,5.0,5.0,2.0,2.0
Carlos Correa,5.0,5.0,3.0,3.0
Cheslor Cuthbert,2.0,2.0,0.0,2.0
Josh Bell,1.0,5.0,1.0,3.0
Evan Longoria,5.0,5.0,2.0,5.0
Stephen Piscotty,5.0,1.0,5.0,5.0
Javier Baez,5.0,5.0,5.0,5.0
Adonis Garcia,4.0,2.0,0.0,0.0
Hernan Perez,4.0,2.0,2.0,2.0
Yasmany Tomas,5.0,5.0,0.0,0.0
Ben Zobrist,3.0,1.0,4.0,1.0
Trevor Story,3.0,5.0,5.0,5.0
Rougned Odor,5.0,2.0,5.0,3.0
Kole Calhoun,5.0,1.0,1.0,3.0
Matt Carpenter,3.0,3.0,3.0,1.0
Tyler Flowers,1.0,1.0,1.0,1.0
Starlin Castro,2.0,5.0,4.0,5.0
Tommy La Stella,2.0,3.0,4.0,5.0
Nick Franklin,5.0,0.0,0.0,0.0
David Freese,5.0,1.0,5.0,3.0
Sean Rodriguez,3.0,1.0,1.0,0.0
Anthony Rendon,5.0,3.0,5.0,3.0
J.J. Hardy,2.0,2.0,0.0,0.0
Darwin Barney,4.0,2.0,0.0,0.0
Nick Markakis,5.0,4.0,5.0,5.0
Eddie Rosario,4.0,5.0,5.0,5.0
Joey Rickard,4.0,2.0,2.0,2.0
John Jaso,2.0,1.0,0.0,0.0
Brian Dozier,3.0,3.0,1.0,1.0
Albert Pujols,5.0,5.0,5.0,5.0
Matt Kemp,5.0,5.0,5.0,0.0
Dee Gordon,4.0,4.0,4.0,4.0
Wilmer Flores,5.0,5.0,5.0,4.0
Jackie Bradley Jr.,3.0,1.0,1.0,1.0
Jose Reyes,4.0,4.0,2.0,0.0
Jonathan Schoop,5.0,5.0,5.0,5.0
Kevin Pillar,4.0,2.0,4.0,5.0
Brandon Guyer,1.0,1.0,1.0,0.0
Eric Hosmer,5.0,5.0,2.0,5.0
Stephen Drew,3.0,0.0,0.0,0.0
Denard Span,4.0,4.0,1.0,0.0
Marcell Ozuna,5.0,5.0,5.0,3.0
Nomar Mazara,2.0,5.0,5.0,5.0
James Loney,2.0,0.0,0.0,0.0
Adam Jones,5.0,5.0,4.0,5.0
Scott Schebler,5.0,1.0,1.0,0.0
Welington Castillo,5.0,5.0,2.0,5.0
Justin Bour,3.0,3.0,1.0,3.0
Logan Forsythe,4.0,1.0,2.0,1.0
Michael Bourn,4.0,0.0,0.0,0.0
Daniel Descalso,5.0,1.0,3.0,1.0
Francisco Cervelli,1.0,1.0,1.0,1.0
Abraham Almonte,4.0,1.0,1.0,0.0
Carlos Ruiz,2.0,0.0,0.0,0.0
Alex Bregman,5.0,4.0,3.0,3.0
Yasiel Puig,5.0,3.0,5.0,5.0
Kendrys Morales,5.0,5.0,1.0,1.0
Jed Lowrie,2.0,4.0,5.0,0.0
Jacoby Ellsbury,4.0,4.0,0.0,0.0
Scooter Gennett,2.0,5.0,5.0,0.0
Edwin Encarnacion,3.0,3.0,3.0,3.0
Aaron Hill,2.0,0.0,0.0,0.0
Conor Gillaspie,5.0,0.0,0.0,0.0
Brett Gardner,4.0,1.0,1.0,3.0
Juan Centeno,2.0,0.0,0.0,0.0
Joe Mauer,1.0,4.0,4.0,0.0
Justin Morneau,2.0,0.0,0.0,0.0
George Springer,3.0,3.0,5.0,3.0
Alcides Escobar,2.0,4.0,2.0,0.0
Billy Hamilton,4.0,4.0,4.0,2.0
Luis Valbuena,1.0,3.0,2.0,0.0
Trevor Plouffe,5.0,2.0,0.0,0.0
Johnny Giavotella,4.0,0.0,0.0,0.0
Jhonny Peralta,2.0,0.0,0.0,0.0
Nick Hundley,5.0,2.0,2.0,0.0
Matt Szczur,5.0,1.0,0.0,0.0
Carlos Santana,3.0,1.0,1.0,3.0
Wil Myers,5.0,1.0,5.0,1.0
Ketel Marte,4.0,2.0,2.0,5.0
Tony Wolters,5.0,1.0,1.0,4.0
Ryan Rua,4.0,0.0,0.0,0.0
Matt Duffy,4.0,0.0,4.0,2.0
Ronald Torreyes,4.0,4.0,0.0,0.0
Gregory Polanco,5.0,2.0,3.0,5.0
Kurt Suzuki,5.0,5.0,5.0,5.0
Tucker Barnhart,2.0,2.0,2.0,1.0
Tommy Joseph,5.0,5.0,0.0,0.0
Alex Dickerson,5.0,0.0,0.0,5.0
Jordy Mercer,2.0,2.0,2.0,2.0
Mark Trumbo,5.0,5.0,5.0,0.0
Domingo Santana,1.0,3.0,2.0,5.0
Andrew McCutchen,5.0,5.0,1.0,3.0
Brock Holt,4.0,1.0,5.0,4.0
Jose Iglesias,4.0,4.0,4.0,4.0
Maikel Franco,5.0,5.0,5.0,5.0
Jung Ho Kang,3.0,0.0,0.0,1.0
Howie Kendrick,4.0,4.0,4.0,5.0
Jace Peterson,1.0,1.0,1.0,0.0
Austin Jackson,4.0,4.0,2.0,0.0
Marwin Gonzalez,2.0,5.0,5.0,5.0
Jeff Francoeur,2.0,0.0,0.0,0.0
Troy Tulowitzki,5.0,2.0,0.0,0.0
Dae-Ho Lee,5.0,0.0,0.0,0.0
Ivan De Jesus,2.0,0.0,0.0,0.0
Yonder Alonso,2.0,3.0,5.0,1.0
Michael Saunders,1.0,2.0,0.0,0.0
Gerardo Parra,4.0,5.0,4.0,5.0
Andres Blanco,4.0,0.0,0.0,0.0
Zack Cozart,2.0,3.0,1.0,0.0
Chase Utley,4.0,1.0,1.0,0.0
Jefry Marte,5.0,0.0,2.0,0.0
Cameron Rupp,2.0,1.0,0.0,0.0
David Peralta,4.0,4.0,5.0,5.0
Stephen Vogt,2.0,2.0,0.0,5.0
Peter Bourjos,2.0,2.0,0.0,0.0
Evan Gattis,3.0,5.0,3.0,0.0
Chase Headley,1.0,4.0,0.0,0.0
Jay Bruce,5.0,3.0,1.0,3.0
Rob Refsnyder,4.0,0.0,0.0,0.0
Pedro Alvarez,5.0,0.0,0.0,0.0
Matt Adams,5.0,5.0,3.0,5.0
Rajai Davis,4.0,4.0,4.0,0.0
Seth Smith,3.0,1.0,0.0,0.0
Jake Lamb,3.0,3.0,3.0,1.0
Ezequiel Carrera,1.0,4.0,0.0,0.0
Brett Lawrie,2.0,0.0,0.0,0.0
Eugenio Suarez,5.0,3.0,3.0,3.0
Tim Beckham,2.0,4.0,2.0,5.0
Miguel Rojas,4.0,4.0,2.0,4.0
Leonys Martin,4.0,0.0,4.0,1.0
Salvador Perez,2.0,5.0,5.0,0.0
Travis d'Arnaud,2.0,5.0,0.0,5.0
Khris Davis,3.0,3.0,3.0,5.0
Kelly Johnson,2.0,0.0,0.0,0.0
Steven Souza Jr.,2.0,3.0,2.0,0.0
Joc Pederson,3.0,1.0,3.0,3.0
Matt Holliday,5.0,3.0,0.0,0.0
Franklin Gutierrez,3.0,0.0,0.0,0.0
Kevin Kiermaier,1.0,4.0,2.0,5.0
Justin Upton,5.0,3.0,3.0,3.0
Ramon Cabrera,2.0,0.0,0.0,0.0
Gregorio Petit,2.0,0.0,0.0,0.0
Corey Dickerson,5.0,4.0,4.0,5.0
Travis Jankowski,4.0,0.0,4.0,0.0
Chase d'Arnaud,2.0,0.0,0.0,0.0
Avisail Garcia,5.0,4.0,5.0,5.0
Luis Sardinas,4.0,0.0,0.0,0.0
Jayson Werth,1.0,1.0,0.0,0.0
Matt Wieters,5.0,2.0,1.0,5.0
Erick Aybar,2.0,2.0,0.0,0.0
Bryce Harper,3.0,3.0,3.0,3.0
Brad Miller,5.0,1.0,2.0,3.0
Jedd Gyorko,5.0,5.0,1.0,0.0
Matt Joyce,3.0,3.0,1.0,1.0
Brian McCann,1.0,3.0,1.0,1.0
Austin Romine,5.0,2.0,5.0,5.0
Travis Shaw,5.0,5.0,3.0,1.0
Shin-Soo Choo,1.0,3.0,1.0,1.0
Keon Broxton,1.0,1.0,0.0,1.0
Freddy Galvis,2.0,2.0,2.0,5.0
Adam Duvall,5.0,5.0,1.0,0.0
Alexei Ramirez,2.0,0.0,0.0,0.0
Danny Santana,4.0,2.0,0.0,5.0
Randal Grichuk,5.0,5.0,5.0,5.0
Giancarlo Stanton,3.0,3.0,3.0,0.0
Kolten Wong,1.0,4.0,1.0,4.0
Juan Lagares,2.0,4.0,0.0,2.0
Adam Lind,5.0,5.0,0.0,0.0
Joe Panik,1.0,4.0,2.0,2.0
Jurickson Profar,2.0,0.0,5.0,1.0
Rickie Weeks Jr.,3.0,0.0,0.0,0.0
Mike Napoli,3.0,3.0,0.0,0.0
Mallex Smith,4.0,4.0,4.0,4.0
Addison Russell,3.0,5.0,2.0,1.0
Logan Morrison,1.0,3.0,1.0,0.0
Jake Smolinski,2.0,0.0,0.0,0.0
Jorge Soler,3.0,0.0,1.0,3.0
Melvin Upton Jr.,5.0,0.0,0.0,0.0
Marcus Semien,5.0,1.0,4.0,5.0
Trevor Brown,2.0,0.0,0.0,0.0
Bobby Wilson,5.0,0.0,1.0,0.0
Curtis Granderson,1.0,3.0,1.0,1.0
Adeiny Hechavarria,2.0,2.0,2.0,5.0
Jarrett Parker,1.0,2.0,0.0,0.0
Eduardo Escobar,2.0,5.0,5.0,5.0
Miguel Sano,3.0,3.0,1.0,3.0
Andrew Romine,2.0,2.0,0.0,0.0
Tyler Collins,2.0,1.0,0.0,0.0
Jeremy Hazelbaker,3.0,0.0,0.0,0.0
Max Kepler,5.0,5.0,1.0,3.0
Billy Burns,4.0,0.0,0.0,0.0
Tyler Holt,1.0,0.0,0.0,0.0
Jett Bandy,2.0,2.0,0.0,0.0
Jose Bautista,3.0,1.0,1.0,0.0
Clint Robinson,1.0,0.0,0.0,0.0
Mitch Moreland,2.0,5.0,5.0,3.0
Rafael Ortega,4.0,0.0,0.0,0.0
Christian Colon,2.0,0.0,0.0,0.0
Carlos Gomez,2.0,1.0,1.0,0.0
Coco Crisp,2.0,0.0,0.0,0.0
Russell Martin,3.0,1.0,1.0,1.0
Michael A. Taylor,2.0,5.0,2.0,0.0
Kennys Vargas,3.0,5.0,0.0,0.0
Jason Heyward,2.0,5.0,4.0,1.0
Adam Rosales,3.0,2.0,0.0,0.0
David Ross,3.0,0.0,0.0,0.0
Lucas Duda,1.0,1.0,5.0,0.0
Shawn O'Malley,2.0,0.0,0.0,0.0
Yasmani Grandal,3.0,5.0,3.0,3.0
Christian Bethancourt,2.0,0.0,0.0,0.0
Christian Vazquez,2.0,4.0,2.0,5.0
Tommy Pham,1.0,3.0,3.0,1.0
David Wright,1.0,0.0,0.0,0.0
Todd Frazier,3.0,3.0,1.0,5.0
Brandon Moss,3.0,1.0,0.0,0.0
Byron Buxton,5.0,4.0,0.0,5.0
Trayce Thompson,1.0,0.0,0.0,0.0
Robinson Chirinos,1.0,3.0,3.0,3.0
Gregor Blanco,2.0,4.0,2.0,0.0
Chris Johnson,2.0,0.0,0.0,0.0
Chris Carter,3.0,1.0,0.0,0.0
Nolan Reimold,2.0,0.0,0.0,0.0
Rene Rivera,2.0,5.0,0.0,0.0
Jimmy Paredes,2.0,0.0,0.0,0.0
Jimmy Rollins,4.0,0.0,0.0,0.0
James McCann,2.0,5.0,2.0,5.0
Chris Davis,3.0,1.0,1.0,1.0
Michael Conforto,1.0,3.0,3.0,3.0
Alex Gordon,1.0,1.0,2.0,5.0
Ryan Raburn,1.0,0.0,0.0,0.0
Orlando Arcia,2.0,4.0,2.0,2.0
A.J. Pierzynski,2.0,0.0,0.0,0.0
Nick Ahmed,2.0,5.0,5.0,5.0
Ryan Zimmerman,2.0,5.0,5.0,5.0
Cristhian Adames,2.0,0.0,0.0,0.0
Justin Smoak,1.0,3.0,1.0,1.0
Ryan Schimpf,3.0,3.0,0.0,0.0
Ben Revere,2.0,4.0,0.0,0.0
Aaron Hicks,2.0,3.0,3.0,3.0
Tyler White,2.0,0.0,5.0,1.0
Ryan Flaherty,2.0,0.0,2.0,0.0
A.J. Ellis,1.0,1.0,1.0,0.0
Chris Heisey,1.0,0.0,0.0,0.0
Chris Gimenez,2.0,1.0,0.0,0.0
Miguel Montero,1.0,1.0,0.0,0.0
Cody Asche,2.0,0.0,0.0,0.0
Alex Avila,1.0,1.0,1.0,1.0
Gordon Beckham,1.0,0.0,0.0,2.0
Prince Fielder,1.0,0.0,0.0,0.0
Chris Iannetta,1.0,3.0,1.0,1.0
Jason Castro,1.0,1.0,0.0,1.0
Mike Aviles,2.0,0.0,0.0,0.0
Cliff Pennington,2.0,2.0,0.0,0.0
Danny Espinosa,1.0,1.0,0.0,0.0
Jake Marisnick,2.0,3.0,1.0,5.0
Kirk Nieuwenhuis,1.0,0.0,0.0,0.0
Carlos Perez,2.0,0.0,0.0,0.0
Delino DeShields,1.0,4.0,1.0,4.0
Yolmer Sanchez,2.0,4.0,2.0,4.0
Mike Zunino,3.0,3.0,2.0,1.0
Dioner Navarro,2.0,0.0,0.0,0.0
Colby Rasmus,1.0,0.0,0.0,0.0
Juan Uribe,2.0,0.0,0.0,0.0
JB Shuck,2.0,0.0,0.0,0.0
Alejandro De Aza,1.0,0.0,0.0,0.0
Ramon Flores,1.0,0.0,0.0,0.0
Mark Teixeira,1.0,0.0,0.0,0.0
Oswaldo Arcia,2.0,0.0,0.0,0.0
Aaron Altherr,1.0,5.0,1.0,0.0
Martin Maldonado,1.0,2.0,2.0,1.0
Alex Rodriguez,2.0,0.0,0.0,0.0
Desmond Jennings,1.0,0.0,0.0,0.0
Kevin Plawecki,2.0,0.0,1.0,2.0
Ryan Howard,3.0,0.0,0.0,0.0
Mikie Mahtook,2.0,4.0,1.0,0.0
Brett Eibner,1.0,0.0,0.0,0.0
Tyler Goeddel,2.0,0.0,0.0,0.0
Byung-ho Park,1.0,0.0,0.0,0.0
Enrique Hernandez,1.0,1.0,1.0,5.0
Brett Wallace,1.0,0.0,0.0,0.0
Chris Coghlan,1.0,0.0,0.0,0.0
Curt Casali,1.0,0.0,4.0,5.0
Ryan Goins,2.0,2.0,0.0,2.0
Derek Norris,1.0,1.0,0.0,0.0
Roberto Perez,1.0,1.0,1.0,3.0
Jarrod Saltalamacchia,1.0,0.0,0.0,0.0
Yan Gomes,2.0,5.0,5.0,1.0
Alex Presley,0.0,4.0,0.0,0.0
Jose Martinez,0.0,5.0,5.0,5.0
Daniel Nava,0.0,4.0,0.0,0.0
Michael Brantley,0.0,4.0,4.0,5.0
Johan Camargo,0.0,4.0,5.0,5.0
Yuli Gurriel,0.0,4.0,5.0,5.0
Albert Almora Jr.,0.0,5.0,4.0,2.0
Trey Mancini,0.0,5.0,2.0,5.0
T.J. Rivera,0.0,4.0,0.0,0.0
Austin Barnes,0.0,3.0,1.0,1.0
Jose Pirela,0.0,4.0,4.0,0.0
Chris Taylor,0.0,5.0,5.0,5.0
Nick Williams,0.0,5.0,5.0,0.0
Raimel Tapia,0.0,4.0,0.0,4.0
Ozzie Albies,0.0,4.0,4.0,4.0
Paul DeJong,0.0,5.0,5.0,3.0
Aaron Judge,0.0,3.0,3.0,3.0
Rafael Devers,0.0,5.0,5.0,5.0
Kevan Smith,0.0,4.0,4.0,2.0
Mitch Haniger,0.0,5.0,5.0,3.0
Manny Pina,0.0,4.0,2.0,1.0
Omar Narvaez,0.0,2.0,1.0,5.0
Ben Gamel,0.0,4.0,4.0,1.0
Eric Sogard,0.0,1.0,0.0,4.0
Mike Moustakas,0.0,5.0,5.0,3.0
Wilmer Difo,0.0,4.0,2.0,0.0
Andrew Benintendi,0.0,5.0,5.0,4.0
Carlos Asuaje,0.0,2.0,1.0,0.0
Leury Garcia,0.0,4.0,4.0,4.0
Cody Bellinger,0.0,3.0,5.0,3.0
John Hicks,0.0,5.0,2.0,2.0
A.J. Pollock,0.0,4.0,5.0,5.0
Jaycob Brugman,0.0,2.0,0.0,0.0
Ehire Adrianza,0.0,4.0,4.0,1.0
Jesus Aguilar,0.0,5.0,3.0,1.0
Cory Spangenberg,0.0,4.0,2.0,0.0
Manuel Margot,0.0,2.0,2.0,2.0
Yandy Diaz,0.0,4.0,0.0,5.0
Nicky Delmonico,0.0,3.0,2.0,0.0
Brandon Nimmo,0.0,1.0,1.0,1.0
Matt Olson,0.0,3.0,3.0,3.0
Dixon Machado,0.0,2.0,2.0,0.0
Rhys Hoskins,0.0,3.0,3.0,1.0
Pat Valaika,0.0,5.0,0.0,0.0
Kelby Tomlinson,0.0,4.0,2.0,0.0
Andrew Knapp,0.0,1.0,1.0,1.0
Caleb Joseph,0.0,2.0,2.0,0.0
Jesus Sucre,0.0,5.0,2.0,0.0
Jorge Bonifacio,0.0,2.0,1.0,0.0
Gorkys Hernandez,0.0,4.0,2.0,0.0
Ian Happ,0.0,3.0,1.0,3.0
Brian Goodwin,0.0,5.0,5.0,5.0
J.T. Riddle,0.0,2.0,2.0,0.0
Guillermo Heredia,0.0,2.0,1.0,1.0
Amed Rosario,0.0,2.0,4.0,4.0
Eric Thames,0.0,3.0,3.0,3.0
Bradley Zimmer,0.0,5.0,0.0,0.0
Alexi Amarista,0.0,2.0,0.0,0.0
Chad Pinder,0.0,5.0,2.0,5.0
Bruce Maxwell,0.0,1.0,0.0,0.0
Matt Chapman,0.0,1.0,5.0,3.0
Jose Osuna,0.0,5.0,0.0,5.0
Dansby Swanson,0.0,2.0,2.0,5.0
Hunter Renfroe,0.0,5.0,5.0,3.0
Yoan Moncada,0.0,1.0,1.0,5.0
Tyler Moore,0.0,5.0,0.0,0.0
Drew Butera,0.0,2.0,1.0,0.0
Giovanny Urshela,0.0,2.0,0.0,5.0
Elias Diaz,0.0,2.0,5.0,2.0
Alen Hanson,0.0,4.0,5.0,0.0
Pablo Sandoval,0.0,2.0,5.0,5.0
Matt Davidson,0.0,5.0,1.0,0.0
Jeff Mathis,0.0,2.0,2.0,2.0
Austin Hedges,0.0,2.0,2.0,1.0
Jabari Blash,0.0,1.0,0.0,0.0
Devin Mesoraco,0.0,1.0,1.0,0.0
Derek Fisher,0.0,1.0,0.0,1.0
Kyle Schwarber,0.0,3.0,1.0,3.0
Deven Marrero,0.0,5.0,0.0,0.0
Joey Gallo,0.0,3.0,3.0,3.0
Mark Canha,0.0,2.0,5.0,3.0
Allen Cordoba,0.0,2.0,0.0,0.0
Patrick Kivlehan,0.0,1.0,0.0,0.0
Daniel Robertson,0.0,1.0,1.0,1.0
Josh Phegley,0.0,2.0,0.0,5.0
Taylor Motter,0.0,2.0,0.0,0.0
Dominic Smith,0.0,1.0,0.0,5.0
Rio Ruiz,0.0,1.0,0.0,2.0
Greg Bird,0.0,3.0,1.0,0.0
Ryder Jones,0.0,2.0,0.0,0.0
Jose Lobaton,0.0,1.0,0.0,0.0
JaCoby Jones,0.0,2.0,2.0,2.0
Adam Engel,0.0,1.0,2.0,2.0
Jeff McNeil,0.0,0.0,4.0,5.0
Luke Voit,0.0,0.0,3.0,3.0
Joey Wendle,0.0,0.0,4.0,2.0
Jesse Winker,0.0,0.0,1.0,1.0
Miguel Andujar,0.0,0.0,5.0,0.0
Nick Martini,0.0,0.0,4.0,0.0
Ronald Acuna Jr.,0.0,0.0,5.0,3.0
Juan Soto,0.0,0.0,3.0,3.0
Ramon Laureano,0.0,0.0,4.0,5.0
Austin Meadows,0.0,0.0,4.0,5.0
Shohei Ohtani,0.0,0.0,3.0,5.0
Lourdes Gurriel Jr.,0.0,0.0,5.0,5.0
Franmil Reyes,0.0,0.0,5.0,3.0
Ryan LaMarre,0.0,0.0,4.0,0.0
Willy Adames,0.0,0.0,4.0,2.0
Colin Moran,0.0,0.0,5.0,5.0
Yairo Munoz,0.0,0.0,5.0,4.0
Adalberto Mondesi,0.0,0.0,4.0,4.0
David Fletcher,0.0,0.0,4.0,4.0
Brian Anderson,0.0,0.0,4.0,5.0
Gleyber Torres,0.0,0.0,5.0,5.0
Charlie Culberson,0.0,0.0,5.0,0.0
Craig Gentry,0.0,0.0,4.0,0.0
Mitch Garver,0.0,0.0,5.0,3.0
Jim Adduci,0.0,0.0,4.0,0.0
Jake Cave,0.0,0.0,5.0,1.0
Harrison Bader,0.0,0.0,4.0,1.0
Max Muncy,0.0,0.0,3.0,3.0
Ji-Man Choi,0.0,0.0,3.0,1.0
Tony Kemp,0.0,0.0,1.0,1.0
Ryan O'Hearn,0.0,0.0,3.0,1.0
Jorge Alfaro,0.0,0.0,2.0,2.0
Isiah Kiner-Falefa,0.0,0.0,4.0,2.0
Renato Nunez,0.0,0.0,2.0,5.0
Greg Allen,0.0,0.0,4.0,2.0
Steven Duggar,0.0,0.0,4.0,2.0
Phillip Ervin,0.0,0.0,5.0,4.0
Austin Slater,0.0,0.0,2.0,1.0
Luke Maile,0.0,0.0,1.0,0.0
Niko Goodrum,0.0,0.0,2.0,4.0
Daniel Palka,0.0,0.0,5.0,0.0
Teoscar Hernandez,0.0,0.0,5.0,3.0
David Bote,0.0,0.0,5.0,1.0
Franchy Cordero,0.0,0.0,5.0,0.0
Christian Villanueva,0.0,0.0,5.0,0.0
Erik Kratz,0.0,0.0,2.0,0.0
Cedric Mullins II,0.0,0.0,2.0,0.0
Ronald Guzman,0.0,0.0,5.0,1.0
Rosell Herrera,0.0,0.0,2.0,0.0
Noel Cuevas,0.0,0.0,2.0,0.0
Victor Caratini,0.0,0.0,2.0,1.0
Ryan McMahon,0.0,0.0,2.0,5.0
Tyler Austin,0.0,0.0,3.0,3.0
Hunter Dozier,0.0,0.0,2.0,5.0
Blake Swihart,0.0,0.0,4.0,0.0
Preston Tucker,0.0,0.0,5.0,0.0
Max Stassi,0.0,0.0,1.0,0.0
Scott Kingery,0.0,0.0,2.0,5.0
Jeimer Candelario,0.0,0.0,1.0,1.0
Dustin Fowler,0.0,0.0,2.0,0.0
Johnny Field,0.0,0.0,2.0,0.0
Victor Reyes,0.0,0.0,4.0,4.0
Ronny Rodriguez,0.0,0.0,2.0,5.0
Bryan Holaday,0.0,0.0,2.0,0.0
John Ryan Murphy,0.0,0.0,2.0,0.0
Jake Bauers,0.0,0.0,1.0,1.0
Lewis Brinson,0.0,0.0,2.0,2.0
Magneuris Sierra,0.0,0.0,2.0,0.0
Chance Sisco,0.0,0.0,1.0,1.0
Yadiel Rivera,0.0,0.0,1.0,0.0
Pedro Severino,0.0,0.0,2.0,5.0
Luis Arraez,0.0,0.0,0.0,4.0
Donovan Solano,0.0,0.0,0.0,4.0
Fernando Tatis Jr.,0.0,0.0,0.0,5.0
Bryan Reynolds,0.0,0.0,0.0,4.0
Yordan Alvarez,0.0,0.0,0.0,3.0
Bo Bichette,0.0,0.0,0.0,4.0
Kevin Newman,0.0,0.0,0.0,4.0
J.D. Davis,0.0,0.0,0.0,5.0
Hanser Alberto,0.0,0.0,0.0,4.0
Tommy Edman,0.0,0.0,0.0,4.0
Keston Hiura,0.0,0.0,0.0,5.0
Alex Verdugo,0.0,0.0,0.0,4.0
Harold Castro,0.0,0.0,0.0,4.0
Garrett Cooper,0.0,0.0,0.0,5.0
Mike Tauchman,0.0,0.0,0.0,3.0
Mike Freeman,0.0,0.0,0.0,1.0
Jordan Luplow,0.0,0.0,0.0,3.0
Harold Ramirez,0.0,0.0,0.0,4.0
Jon Berti,0.0,0.0,0.0,4.0
Tom Murphy,0.0,0.0,0.0,5.0
Mike Yastrzemski,0.0,0.0,0.0,5.0
Vladimir Guerrero Jr.,0.0,0.0,0.0,5.0
Brandon Lowe,0.0,0.0,0.0,5.0
Oscar Mercado,0.0,0.0,0.0,4.0
Austin Nola,0.0,0.0,0.0,5.0
Ildemaro Vargas,0.0,0.0,0.0,4.0
Willie Calhoun,0.0,0.0,0.0,5.0
Willians Astudillo,0.0,0.0,0.0,4.0
Eloy Jimenez,0.0,0.0,0.0,5.0
Clint Frazier,0.0,0.0,0.0,5.0
Adam Haseley,0.0,0.0,0.0,4.0
Francisco Mejia,0.0,0.0,0.0,2.0
Matt Beaty,0.0,0.0,0.0,5.0
Shed Long,0.0,0.0,0.0,4.0
Nathaniel Lowe,0.0,0.0,0.0,5.0
Tyler O'Neill,0.0,0.0,0.0,2.0
Jacob Stallings,0.0,0.0,0.0,2.0
Anthony Santander,0.0,0.0,0.0,5.0
Peter Alonso,0.0,0.0,0.0,3.0
Christian Walker,0.0,0.0,0.0,3.0
Mike Ford,0.0,0.0,0.0,3.0
Aristides Aquino,0.0,0.0,0.0,3.0
Nick Senzel,0.0,0.0,0.0,4.0
Victor Robles,0.0,0.0,0.0,4.0
Michael Chavis,0.0,0.0,0.0,5.0
Erik Gonzalez,0.0,0.0,0.0,2.0
Will Smith,0.0,0.0,0.0,3.0
Marco Hernandez,0.0,0.0,0.0,4.0
Tim Locastro,0.0,0.0,0.0,4.0
Josh Naylor,0.0,0.0,0.0,2.0
Brandon Dixon,0.0,0.0,0.0,2.0
Garrett Hampson,0.0,0.0,0.0,4.0
Dawel Lugo,0.0,0.0,0.0,2.0
Carson Kelly,0.0,0.0,0.0,3.0
Dwight Smith Jr.,0.0,0.0,0.0,5.0
Nicky Lopez,0.0,0.0,0.0,2.0
Luis Rengifo,0.0,0.0,0.0,1.0
Josh VanMeter,0.0,0.0,0.0,1.0
Cavan Biggio,0.0,0.0,0.0,3.0
Ty France,0.0,0.0,0.0,2.0
Christin Stewart,0.0,0.0,0.0,2.0
Trent Grisham,0.0,0.0,0.0,3.0
Kyle Farmer,0.0,0.0,0.0,5.0
Charlie Tilson,0.0,0.0,0.0,2.0
Rowdy Tellez,0.0,0.0,0.0,5.0
Austin Riley,0.0,0.0,0.0,5.0
J.P. Crawford,0.0,0.0,0.0,1.0
Steve Wilkerson,0.0,0.0,0.0,2.0
Travis Demeritte,0.0,0.0,0.0,2.0
Austin Dean,0.0,0.0,0.0,2.0
Luis Urias,0.0,0.0,0.0,1.0
Ryan Cordell,0.0,0.0,0.0,1.0
Josh Rojas,0.0,0.0,0.0,1.0
Sam Travis,0.0,0.0,0.0,2.0
Billy McKinney,0.0,0.0,0.0,1.0
Bubba Starling,0.0,0.0,0.0,2.0
Cole Tucker,0.0,0.0,0.0,2.0
Matt Thaiss,0.0,0.0,0.0,1.0
Richie Martin Jr.,0.0,0.0,0.0,2.0
Daniel Vogelbach,0.0,0.0,0.0,3.0
Danny Jansen,0.0,0.0,0.0,1.0
Dylan Moore,0.0,0.0,0.0,1.0
Pablo Reyes,0.0,0.0,0.0,2.0
Grayson Greiner,0.0,0.0,0.0,2.0
Jose Rondon,0.0,0.0,0.0,2.0
Isan Diaz,0.0,0.0,0.0,1.0
